Skip to content	Saltar al contenido	انتقل إلى المحتوى
Menu	Menú	القائمة
Ship	Enviar	إرسال شحنة
Services	Servicios	الخدمات
Locations	Ubicaciones	الفروع
Track	Rastrear	تتبع الشحنة
Account	Cuenta	الحساب
Language	Idioma	اللغة
Main navigation	Navegación principal	التنقل الرئيسي
Footer	Pie de página	تذييل الصفحة
About	Acerca de nosotros	من نحن
Contact a counter	Contactar un mostrador	اتصل بالفرع
Request status	Estado de solicitud	حالة الطلب
Privacy	Privacidad	الخصوصية
Service information	Información del servicio	معلومات الخدمة
DHL Express Service Point	Punto de servicio DHL Express	نقطة خدمة DHL Express
Ship internationally.	Envíe al extranjero.	شحن دولي بكل سهولة
With DHL Express.	Con DHL Express.	مع DHL Express
Send documents and packages with packing and paperwork help at your local counter. Start online—no account needed.	Envíe documentos y paquetes con ayuda de embalaje y documentación en su mostrador local. Empiece en línea, sin crear una cuenta.	اشحن مستنداتك وطرودك دوليًا، ودع فريق فرعك يساعدك في التغليف وتجهيز مستندات الشحن. ابدأ طلبك عبر الموقع دون إنشاء حساب.
Start a DHL Shipment	Iniciar un envío DHL	ابدأ طلب الشحن
Find a Location	Buscar una ubicación	ابحث عن فرع
From your screen to our counter.	De su pantalla a nuestro mostrador.	ابدأ طلبك هنا، وأكمله في الفرع
Start online	Empiece en línea	قدّم طلبك عبر الموقع
Choose a counter and send your shipment details. No account needed.	Elija un mostrador y envíe los detalles de su envío. No necesita una cuenta.	اختر الفرع المناسب وأرسل بيانات شحنتك. لا يلزم إنشاء حساب.
Bring your items	Traiga sus artículos	أحضر شحنتك إلى الفرع
Show your request code. We’ll help with packing and paperwork.	Muestre su código de solicitud. Le ayudaremos con el embalaje y los documentos.	أبرز رمز الطلب لفريق الفرع، وسنساعدك في التغليف وتجهيز مستندات الشحن.
Confirm and ship	Confirme y envíe	راجع التفاصيل وأتمّ الشحن
Staff confirms price and delivery estimate before you pay at the counter.	El personal confirma el precio y la entrega estimada antes de pagar en el mostrador.	نؤكد لك السعر وموعد التسليم المتوقع قبل إتمام الدفع في الفرع.
Before you visit	Antes de su visita	قبل زيارتك
How much will it cost?	¿Cuánto costará?	كم تبلغ التكلفة؟
Price depends on your destination, package size and weight.	El precio depende del destino, el tamaño y el peso del paquete.	يعتمد السعر على الوجهة وحجم الطرد ووزنه.
Request a DHL quote	Solicite una cotización DHL	اطلب عرض سعر للشحن
for staff to review. The online request does not purchase a shipping label.	para que el personal la revise. La solicitud en línea no compra una etiqueta de envío.	ليراجعه فريق الفرع. تقديم الطلب لا يشمل دفع رسوم الشحن أو إصدار بوليصة شحن.
Do I need a box or a printer?	¿Necesito una caja o una impresora?	هل أحتاج إلى صندوق أو طابعة؟
Ask your counter for packing and label help. Staff confirms available materials and any packing charges.	Pida ayuda con el embalaje y las etiquetas. El personal confirma los materiales disponibles y los cargos de embalaje.	يمكن لفريق الفرع مساعدتك في التغليف وطباعة ملصق الشحن. تواصل معنا لتأكيد المواد المتاحة ورسوم التغليف.
Can I ship today?	¿Puedo enviar hoy?	هل يمكنني الشحن اليوم؟
Check your	Consulte	تحقق من
counter’s hours and last DHL collection	horario del mostrador y la última recogida de DHL	ساعات عمل الفرع وآخر موعد لتسليم الشحنات إلى DHL
before traveling. Sending an online request does not book a pickup.	antes de ir. Enviar una solicitud en línea no reserva una recogida.	قبل زيارتك. تقديم الطلب عبر الموقع لا يعني حجز خدمة استلام الشحنة من عنوانك.
About us	Acerca de nosotros	من نحن
Global logistics,	Logística global,	شحن يوصلك بالعالم،
local service.	servicio local.	وخدمة قريبة منك
Cubic Home Solutions / Cubic Ship brings shipping and business services to local communities with integrity, care and trust.	Cubic Home Solutions / Cubic Ship ofrece servicios de envío y empresariales a las comunidades locales con integridad, atención y confianza.	تقدم Cubic Home Solutions / Cubic Ship خدمات الشحن وخدمات الأعمال للأفراد والشركات في مجتمعاتنا المحلية، بأمانة واهتمام ومسؤولية.
We support individuals, small businesses and independent shipping locations through our DHL Express Service Point counters.	Apoyamos a particulares, pequeñas empresas y establecimientos de envío independientes mediante nuestros puntos de servicio DHL Express.	نخدم الأفراد والشركات الصغيرة وندعم مراكز الشحن المستقلة من خلال نقاط خدمة DHL Express التابعة لنا.
Our teams help with shipping, packing and paperwork, with freight, printing and other business services available through CubicShip.	Nuestros equipos ayudan con envíos, embalaje y documentos. CubicShip también ofrece carga, impresión y otros servicios empresariales.	يساعدك فريقنا في الشحن والتغليف وتجهيز المستندات. كما نوفر عبر CubicShip خدمات شحن البضائع والطباعة وغيرها من خدمات الأعمال.
Every shipment and customer interaction matters. We focus on accurate processing, clear documentation, timely follow-up and professional service.	Cada envío y atención al cliente importa. Nos centramos en procesos precisos, documentación clara, seguimiento oportuno y servicio profesional.	نهتم بكل شحنة وبكل عميل، ونحرص على دقة الإجراءات ووضوح المستندات وسرعة المتابعة وتقديم خدمة مهنية.
Amanah	Amanah · Confianza	الأمانة
Trust and honest responsibility in how we serve customers, process shipments and support each location.	Confianza y responsabilidad honesta al atender clientes, procesar envíos y apoyar cada ubicación.	نلتزم بالأمانة وتحمل المسؤولية في خدمة عملائنا ومعالجة شحناتهم ودعم فروعنا.
AlQanaah	AlQanaah · Satisfacción	القناعة
Sustainable growth built patiently, consistently and without shortcuts.	Crecimiento sostenible con paciencia, constancia y sin atajos.	نبني نموًا مستدامًا بالصبر والعمل المتواصل، دون التهاون في جودة الخدمة.
Helping Others	Ayudar a los demás	مساعدة الآخرين
Using knowledge, service and opportunity to support customers, associates and communities.	Usamos el conocimiento, el servicio y las oportunidades para apoyar a clientes, colaboradores y comunidades.	نسخّر خبراتنا وخدماتنا لدعم عملائنا وزملائنا والمجتمعات التي نخدمها.
Find your local counter	Encuentre su mostrador local	ابحث عن فرعك المحلي
DHL Express · No account needed	DHL Express · Sin crear una cuenta	DHL Express · لا حاجة إلى حساب
Let's get your shipment started.	Comencemos su envío.	جهّز طلب شحنتك
Ask for a price or prepare your details before visiting. Your chosen counter will confirm the service, price and delivery estimate.	Solicite un precio o prepare sus datos antes de visitar. Su mostrador elegido confirmará el servicio, precio y entrega estimada.	اطلب عرض سعر أو أرسل بيانات شحنتك قبل زيارة الفرع. سيؤكد لك فريق الفرع الخدمة المناسبة والسعر وموعد التسليم المتوقع.
Shipment	Envío	الشحنة
Contact	Contacto	بيانات التواصل
Review	Revisar	المراجعة
Website	Sitio web	الموقع الإلكتروني
What would you like to send?	¿Qué desea enviar?	ماذا تريد أن ترسل؟
How can we help?	¿Cómo podemos ayudarle?	كيف يمكننا مساعدتك؟
Prepare a drop-off	Preparar una entrega en mostrador	جهّز شحنتك لزيارة الفرع
Get a quote first	Obtener una cotización primero	احصل على عرض سعر أولًا
Your CubicShip location	Su ubicación de CubicShip	اختر فرع CubicShip
Choose a location	Elija una ubicación	اختر فرعًا
Choose the counter that will handle your request.	Elija el mostrador que atenderá su solicitud.	اختر الفرع الذي ترغب في إتمام الشحن من خلاله.
Shipment type	Tipo de envío	نوع الشحنة
Documents	Documentos	مستندات
Package	Paquete	طرد
Destination country	País de destino	بلد الوجهة
Destination city	Ciudad de destino	مدينة الوجهة
Destination postal code (if applicable)	Código postal de destino (si corresponde)	الرمز البريدي للوجهة (إن وجد)
Your ZIP / postal code	Su código postal	رمزك البريدي
What's inside?	¿Qué contiene?	ما محتويات الشحنة؟
Number of pieces	Número de piezas	عدد الطرود أو القطع
When would you like to ship? (optional)	¿Cuándo desea enviar? (opcional)	متى ترغب في الشحن؟ (اختياري)
Getting it to us	Cómo entregar el envío	طريقة إيصال الشحنة إلينا
I'll bring it to the counter	Lo llevaré al mostrador	سأحضرها إلى الفرع
Ask about pickup availability	Consultar disponibilidad de recogida	استفسر عن استلام الشحنة من عنوانك
Packing help	Ayuda con el embalaje	المساعدة في التغليف
I'm not sure yet	Todavía no estoy seguro	لست متأكدًا بعد
I need packing help	Necesito ayuda para embalar	أحتاج إلى مساعدة في التغليف
It's already packed	Ya está embalado	تم تغليفها بالفعل
Add weight and size if you know them	Agregue peso y medidas si los conoce	أضف الوزن والأبعاد إن كنت تعرفها
No scale or measuring tape? Leave these blank and the counter can help. Accurate measurements are needed to confirm the price.	¿No tiene báscula o cinta métrica? Deje estos campos vacíos; el mostrador le ayudará. Se necesitan medidas precisas para confirmar el precio.	إذا لم يتوفر لديك ميزان أو شريط قياس، يمكنك ترك هذه الخانات فارغة. سيساعدك فريق الفرع في القياس، فالسعر النهائي يحتاج إلى وزن وأبعاد دقيقة.
Total weight (optional)	Peso total (opcional)	الوزن الإجمالي (اختياري)
Weight unit	Unidad de peso	وحدة الوزن
Pounds (lb)	Libras (lb)	رطل (lb)
Kilograms (kg)	Kilogramos (kg)	كيلوغرام (kg)
Length (optional)	Largo (opcional)	الطول (اختياري)
Width (optional)	Ancho (opcional)	العرض (اختياري)
Height (optional)	Alto (opcional)	الارتفاع (اختياري)
Size unit	Unidad de medida	وحدة القياس
Inches	Pulgadas	بوصة
Centimeters	Centímetros	سنتيمتر
For multiple packages, describe each package's size in the notes.	Si hay varios paquetes, describa las medidas de cada uno en las notas.	للطرود المتعددة، صف أبعاد كل طرد في الملاحظات.
Final price, delivery estimate and item acceptance are confirmed by staff. This request does not purchase a label or schedule a pickup.	El personal confirma el precio final, la entrega estimada y la aceptación de los artículos. Esta solicitud no compra una etiqueta ni programa una recogida.	سيؤكد فريق الفرع السعر النهائي وموعد التسليم المتوقع وإمكانية شحن المحتويات. تقديم الطلب لا يشمل دفع رسوم الشحن أو إصدار بوليصة شحن أو حجز خدمة الاستلام من عنوانك.
How can we reach you?	¿Cómo podemos contactarle?	كيف يمكننا التواصل معك؟
Add the sender and receiver details so the counter can prepare your shipment.	Agregue los datos del remitente y destinatario para preparar el envío.	أضف بيانات المرسل والمستلم ليتمكن الفرع من تجهيز شحنتك.
Your contact details	Sus datos de contacto	بيانات التواصل معك
Your full name	Su nombre completo	اسمك الكامل
Your email	Su correo electrónico	بريدك الإلكتروني
Your phone	Su teléfono	رقم هاتفك
Your return address	Su dirección de devolución	عنوان المرسل لإعادة الشحنة عند الحاجة
Company (optional)	Empresa (opcional)	الشركة (اختياري)
Street address	Dirección	عنوان الشارع
Apartment / unit (optional)	Apartamento / unidad (opcional)	الشقة / الوحدة (اختياري)
City	Ciudad	المدينة
State / province	Estado / provincia	الولاية / المقاطعة
Country	País	البلد
Receiver details	Datos del destinatario	بيانات المستلم
Full name	Nombre completo	الاسم الكامل
State / province (if applicable)	Estado / provincia (si corresponde)	الولاية / المقاطعة (إن وجدت)
Receiver phone	Teléfono del destinatario	هاتف المستلم
Receiver email (optional)	Correo del destinatario (opcional)	بريد المستلم الإلكتروني (اختياري)
Anything else we should know? (optional)	¿Algo más que debamos saber? (opcional)	هل هناك تفاصيل أخرى؟ (اختياري)
Your details go to CubicShip to handle this request. No account is created.	Sus datos se envían a CubicShip para atender esta solicitud. No se crea una cuenta.	تُرسل بياناتك إلى CubicShip لمعالجة هذا الطلب. لن يتم إنشاء حساب.
Privacy information	Información de privacidad	معلومات الخصوصية
Check your request.	Revise su solicitud.	راجع طلبك.
Staff will review the details before confirming the price, delivery estimate and any packing, protection or destination charges. For urgent requests, call your selected counter. A request code is not a carrier tracking number.	El personal revisará los datos antes de confirmar el precio, entrega estimada y cargos de embalaje, protección o destino. Para solicitudes urgentes, llame al mostrador. El código de solicitud no es un número de rastreo del transportista.	سيراجع فريق الفرع بياناتك ويؤكد السعر وموعد التسليم المتوقع وأي رسوم للتغليف أو حماية الشحنة أو الرسوم المستحقة في بلد الوجهة. إذا كان طلبك عاجلًا، اتصل بالفرع المختار. رمز طلبك لدى CubicShip يختلف عن رقم تتبع شركة الشحن.
I confirm these details are accurate and understand this is a request for staff review.	Confirmo que los datos son correctos y entiendo que esta solicitud requiere revisión del personal.	أؤكد صحة البيانات وأفهم أن إتمام الطلب يتطلب مراجعة فريق الفرع.
Back	Atrás	رجوع
Continue	Continuar	متابعة
Send request	Enviar solicitud	إرسال الطلب
This form needs JavaScript.	Este formulario requiere JavaScript.	يحتاج هذا النموذج إلى JavaScript.
Find and call a counter	Busque y llame a un mostrador	ابحث عن فرع واتصل به
for help.	para recibir ayuda.	للحصول على المساعدة.
Request received	Solicitud recibida	تم استلام الطلب
Your details are with CubicShip.	CubicShip ha recibido sus datos.	وصل طلبك إلى CubicShip
Your request code	Su código de solicitud	رمز طلبك
This is a request confirmation, not a paid shipping label, confirmed pickup or carrier tracking number.	Esta es una confirmación de solicitud, no una etiqueta pagada, recogida confirmada ni número de rastreo.	يؤكد هذا الرمز استلام طلبك فقط. لم تُدفع رسوم الشحن ولم يُحجز موعد لاستلام الشحنة، وهذا الرمز ليس رقم تتبع لدى شركة الشحن.
Print / save confirmation	Imprimir / guardar confirmación	طباعة / حفظ التأكيد
Copy code	Copiar código	نسخ الرمز
Call your counter	Llame a su mostrador	اتصل بفرعك
Directions and hours	Cómo llegar y horarios	الموقع وساعات العمل
View request status	Ver estado de solicitud	عرض حالة الطلب
Start another request	Iniciar otra solicitud	بدء طلب آخر
Your selected counter	Su mostrador elegido	الفرع الذي اخترته
Your request will go to the location you select.	Su solicitud se enviará a la ubicación elegida.	سيُرسل طلبك إلى الفرع الذي تختاره.
Call this counter	Llamar a este mostrador	اتصل بهذا الفرع
Directions and current hours	Cómo llegar y horarios actuales	الموقع وساعات العمل الحالية
Last DHL collection can be earlier than closing time. Call the counter to confirm today's cutoff.	La última recogida DHL puede ser antes del cierre. Llame para confirmar la hora límite de hoy.	قد تغادر شحنات DHL قبل إغلاق الفرع. اتصل بالفرع لمعرفة آخر موعد لتسليم شحنتك اليوم.
What happens next?	¿Qué sigue?	ماذا يحدث بعد ذلك؟
For a drop-off, save your request code and show it with your items at the counter. For a quote or pickup question, staff must confirm the details first.	Para una entrega, guarde el código y muéstrelo con sus artículos. Para cotizaciones o recogidas, el personal debe confirmar los datos primero.	إذا كنت ستزور الفرع، احتفظ برمز الطلب وأبرزه مع شحنتك. أما طلبات عروض الأسعار والاستلام من العنوان، فيراجعها فريق الفرع لتأكيد التفاصيل أولًا.
Prefer an account?	¿Prefiere una cuenta?	هل ترغب في استخدام حسابك؟
Customer login	Acceso de clientes	تسجيل دخول العملاء
Before you ship	Antes de enviar	قبل الشحن
You can ask the counter for packing and label help. Tell us if the item is unpacked; staff will confirm materials and any packing charges.	Puede pedir ayuda con embalaje y etiquetas. Indique si el artículo no está embalado; el personal confirmará materiales y cargos.	يمكن لفريق الفرع مساعدتك في التغليف وطباعة ملصق الشحن. أخبرنا إذا كانت شحنتك غير مغلفة، وسنؤكد لك المواد المتاحة ورسوم التغليف.
Can I send this item internationally?	¿Puedo enviar este artículo al extranjero?	هل يمكن شحن هذه المحتويات دوليًا؟
Describe the contents accurately, including any batteries, liquids or food. Acceptance depends on the item and destination. The counter must confirm eligibility before shipping.	Describa el contenido con precisión, incluidas baterías, líquidos o alimentos. La aceptación depende del artículo y destino. El mostrador debe confirmar si se admite antes del envío.	اذكر محتويات الشحنة بدقة، بما في ذلك البطاريات أو السوائل أو الأطعمة. تختلف شروط القبول حسب المحتويات وبلد الوجهة، ويجب تأكيد إمكانية الشحن مع الفرع قبل الإرسال.
What should I bring?	¿Qué debo llevar?	ماذا يجب أن أحضر؟
Bring your items, your request code, the receiver's full address and contact details, and details of the contents and value. Ask the counter which identification and customs documents your shipment needs.	Traiga los artículos, código de solicitud, dirección y contacto completos del destinatario, y detalles del contenido y valor. Consulte los documentos de identidad y aduana necesarios.	أحضر شحنتك ورمز طلبك وعنوان المستلم الكامل وبيانات التواصل معه، مع وصف المحتويات وقيمتها. تواصل مع الفرع لمعرفة مستندات الهوية والجمارك المطلوبة.
Does the quote include duties and protection?	¿La cotización incluye aranceles y protección?	هل يشمل السعر الجمارك وحماية الشحنة؟
Ask staff to confirm transport, packing, optional shipment protection, and any duties or taxes separately, including who pays destination charges. Protection and claims depend on the service and applicable terms.	Pida confirmar por separado transporte, embalaje, protección opcional y aranceles o impuestos, incluido quién paga los cargos en destino. La protección y reclamaciones dependen del servicio y sus condiciones.	اطلب توضيح رسوم الشحن والتغليف وحماية الشحنة الاختيارية، وأي رسوم جمركية أو ضرائب، مع تحديد المسؤول عن دفعها في بلد الوجهة. تخضع حماية الشحنة والمطالبات لشروط الخدمة المختارة.
Can I track my request code?	¿Puedo rastrear mi código de solicitud?	هل يمكنني تتبع رمز طلبي؟
Save the private status link from your confirmation to follow your request. Once staff creates the shipment, use the carrier tracking number on the	Guarde el enlace privado de la confirmación para seguir su solicitud. Cuando se cree el envío, use el número del transportista en la	احتفظ برابط الحالة الخاص الموجود في التأكيد لمتابعة طلبك. بعد إنشاء الشحنة، استخدم رقم تتبع شركة الشحن على
tracking page	página de rastreo	صفحة التتبع
. Contact your counter about a request that has not shipped.	. Contacte al mostrador si la solicitud aún no se ha enviado.	. تواصل مع فرعك بشأن الطلبات التي لم تُشحن بعد.
Shipping request	Solicitud de envío	طلب شحن
Request progress	Progreso de solicitud	تقدم الطلب
Your counter	Su mostrador	فرعك
Shipment Tracking	Rastreo de envíos	تتبع الشحنات
Track your shipment.	Rastree su envío.	تتبع شحنتك.
Look up DHL Express packages, parcel shipments, air waybills, and container references from one Cubic Ship tracking page. If the number needs human help, send it to the counter and we will help route it.	Consulte envíos DHL Express, paquetes, guías aéreas y referencias de contenedores en una sola página. Si necesita ayuda, envíe la referencia al mostrador.	تابع شحنات DHL Express والطرود والشحن الجوي والحاويات من مكان واحد. وإذا لم تعرف أداة التتبع المناسبة، أرسل رقم الشحنة إلى فريق الفرع لمساعدتك.
Tracking lookup	Consulta de rastreo	البحث عن الشحنة
Choose the shipment type, enter the reference number, and open the correct tracking tool.	Elija el tipo de envío, introduzca la referencia y abra la herramienta de rastreo correspondiente.	اختر نوع الشحنة وأدخل الرقم المرجعي وافتح أداة التتبع المناسبة.
Air freight / AWB	Carga aérea / guía aérea	شحن جوي / بوليصة شحن جوي
Container shipment	Envío de contenedor	شحنة حاوية
Carrier tracking number	Número de rastreo del transportista	رقم تتبع شركة الشحن
Open carrier tracking	Abrir rastreo del transportista	انتقل إلى موقع شركة الشحن للتتبع
Have a CubicShip request reference?	¿Tiene una referencia de solicitud CubicShip?	هل لديك رمز طلب لدى CubicShip؟
Use the private link in your receipt, or contact your counter.	Use el enlace privado del recibo o contacte al mostrador.	استخدم الرابط الخاص الموجود في إيصالك أو تواصل مع الفرع.
Best for international documents and parcels shipped through DHL Express or handled at the Cubic Ship counter.	Para documentos y paquetes internacionales enviados por DHL Express o gestionados en CubicShip.	للمستندات والطرود الدولية المرسلة عبر DHL Express أو المعالجة في فرع Cubic Ship.
Air freight	Carga aérea	الشحن الجوي
Use your airline air waybill or freight reference. If you only have a quote number, contact Cubic Ship for status support.	Use la guía aérea o referencia de carga. Si solo tiene una cotización, contacte a Cubic Ship para consultar el estado.	استخدم بوليصة الشحن الجوي أو مرجع الشحنة. إذا كان لديك رقم عرض سعر فقط، فتواصل مع Cubic Ship لمعرفة الحالة.
Container shipping	Transporte de contenedores	شحن الحاويات
Track by container number, booking number, or bill of lading when available. We can help identify the right reference.	Rastree con el número de contenedor, reserva o conocimiento de embarque. Podemos ayudarle a identificar la referencia.	تتبع برقم الحاوية أو الحجز أو بوليصة الشحن عند توفرها. يمكننا مساعدتك في تحديد المرجع الصحيح.
Need help?	¿Necesita ayuda?	هل تحتاج إلى مساعدة؟
Bring your tracking number, receipt, or shipment photo to Cubic Ship and we will help you check the next step.	Traiga su número de rastreo, recibo o foto del envío y le ayudaremos a consultar el siguiente paso.	أحضر رقم التتبع أو الإيصال أو صورة الشحنة إلى Cubic Ship وسنساعدك في معرفة الخطوة التالية.
Contact your counter	Contacte a su mostrador	تواصل مع فرعك
Example: 1234567890	Ejemplo: 1234567890	مثال: 1234567890
Tracking support	Ayuda de rastreo	المساعدة في التتبع
Customer Dashboard	Panel del cliente	حساب العميل
Your CubicShip account.	Su cuenta de CubicShip.	حسابك في CubicShip.
Save your customer or small-business details, submit service orders, and get a CubicShip ticket before you arrive.	Guarde sus datos personales o empresariales, envíe solicitudes y obtenga un código CubicShip antes de llegar.	احفظ بياناتك أو بيانات منشأتك، وقدّم طلبات الخدمة واحصل على رمز طلبك لدى CubicShip قبل زيارة الفرع.
Shipping once? You can start as a guest.	¿Es un envío ocasional? Puede empezar como invitado.	لإرسال شحنة واحدة، يمكنك تقديم الطلب دون إنشاء حساب.
Start a DHL shipment without creating an account	Inicie un envío DHL sin crear una cuenta	قدّم طلب شحن دون إنشاء حساب
. Business accounts are also available.	. También ofrecemos cuentas de empresa.	. تتوفر أيضًا حسابات للأعمال.
Log In	Iniciar sesión	تسجيل الدخول
Create Login	Crear cuenta	إنشاء حساب
Email	Correo electrónico	البريد الإلكتروني
Password	Contraseña	كلمة المرور
Forgot password or need a confirmation email?	¿Olvidó su contraseña o necesita un correo de confirmación?	هل نسيت كلمة المرور أو تحتاج إلى رسالة تأكيد؟
Personal	Personal	شخصي
Small Business	Pequeña empresa	شركة صغيرة
Name	Nombre	الاسم
Phone	Teléfono	الهاتف
Company	Empresa	الشركة
Small business accounts are for online vendors selling on Etsy, Shopify, eBay, Instagram, or similar channels from home, a garage, or a small workspace. Enter the signup code and expected volume so Cubic can review the best available shipping path for your business.	Las cuentas de pequeña empresa son para vendedores en Etsy, Shopify, eBay, Instagram u otros canales que trabajan desde casa o un local pequeño. Introduzca el código de registro y volumen previsto para que Cubic revise las opciones de envío para su negocio.	حسابات الشركات الصغيرة مخصصة للبائعين عبر Etsy أو Shopify أو eBay أو Instagram أو قنوات مشابهة ممن يعملون من المنزل أو مساحة صغيرة. أدخل رمز التسجيل وحجم الشحن المتوقع لتراجع Cubic خيارات الشحن المناسبة لعملك.
Signup Code	Código de registro	رمز التسجيل
Small business code	Código de pequeña empresa	رمز الشركة الصغيرة
Monthly Shipments	Envíos mensuales	الشحنات الشهرية
Choose tier	Elija un nivel	اختر الفئة
10 shipments/month	10 envíos/mes	10 شحنات شهريًا
20 shipments/month	20 envíos/mes	20 شحنة شهريًا
30 shipments/month	30 envíos/mes	30 شحنة شهريًا
Where You Sell Online	Dónde vende en línea	أين تبيع عبر الإنترنت
Products	Productos	المنتجات
Clothes, parts, beauty, electronics...	Ropa, repuestos, belleza, electrónica...	ملابس، قطع غيار، مستحضرات تجميل، إلكترونيات...
Create service order.	Cree una solicitud de servicio.	قدّم طلب خدمة
Create secured service orders, choose the location, track staff updates, and download labels after the counter team uploads the PDF.	Cree solicitudes seguras, elija la ubicación, siga las actualizaciones y descargue etiquetas cuando el personal suba el PDF.	قدّم طلب خدمة، واختر الفرع، وتابع حالة الطلب. يمكنك تنزيل ملصقات الشحن عندما يرفعها فريق الفرع بصيغة PDF.
Need a quote?	¿Necesita una cotización?	هل تحتاج إلى عرض سعر؟
Log out	Cerrar sesión	تسجيل الخروج
Business dashboard: one place for service orders and labels.	Panel empresarial: solicitudes y etiquetas en un solo lugar.	طلبات خدماتك وملصقات الشحن في مكان واحد.
Create the order online, let staff verify/finalize the label, then download or print the uploaded PDF when it is ready.	Cree la solicitud en línea; el personal verificará y finalizará la etiqueta. Descargue o imprima el PDF cuando esté listo.	قدّم طلبك عبر الموقع. بعد أن يراجع فريق الفرع ملصق الشحن ويعتمده، يمكنك تنزيله أو طباعته بصيغة PDF.
See All Services	Ver todos los servicios	عرض جميع الخدمات
Online seller shipping program: business shipping support.	Programa de envíos para vendedores en línea: apoyo empresarial.	برنامج شحن البائعين عبر الإنترنت: دعم شحن الأعمال.
Your business profile is saved. Cubic can review your shipment tier and apply the best available rate for your volume.	Su perfil empresarial está guardado. Cubic puede revisar su nivel de envíos y aplicar la mejor tarifa disponible para su volumen.	تم حفظ ملف شركتك. يمكن لـ Cubic مراجعة فئة شحناتك وتطبيق أفضل سعر متاح لحجم شحناتك.
Create Service Order	Crear solicitud de servicio	إنشاء طلب خدمة
Start a secured CubicShip order.	Inicie una solicitud segura de CubicShip.	قدّم طلبك لدى CubicShip.
My Orders	Mis solicitudes	طلباتي
Status, tracking, and staff notes.	Estado, rastreo y notas del personal.	الحالة والتتبع وملاحظات الموظفين.
My Labels	Mis etiquetas	ملصقاتي
Download staff-uploaded label PDFs.	Descargue los PDF de etiquetas subidos por el personal.	حمّل ملفات PDF للملصقات التي رفعها الموظفون.
Account help	Ayuda con la cuenta	المساعدة في الحساب
Password and confirmation email.	Contraseña y correo de confirmación.	كلمة المرور ورسالة التأكيد.
Business dashboard modules	Secciones del panel empresarial	أقسام لوحة الأعمال
Reports & Downloads	Informes y descargas	التقارير والتنزيلات
Download your service-order history as a CSV file that opens in Excel.	Descargue el historial de solicitudes como archivo CSV compatible con Excel.	حمّل سجل طلبات الخدمة كملف CSV يمكن فتحه في Excel.
Download Order History CSV	Descargar historial CSV	تنزيل سجل الطلبات بصيغة CSV
Total orders	Total de solicitudes	إجمالي الطلبات
Created from this dashboard.	Creadas desde este panel.	أُنشئت من هذه اللوحة.
Active orders	Solicitudes activas	الطلبات النشطة
Needs attention or ready for drop-off.	Requieren atención o están listas para entregar.	تحتاج إلى متابعة أو جاهزة للتسليم.
Labels ready	Etiquetas listas	الملصقات الجاهزة
PDFs uploaded by staff.	PDF subidos por el personal.	ملفات PDF التي رفعها الموظفون.
Secure	Seguro	آمن
Order codes	Códigos de solicitud	رموز الطلبات
Every request gets a unique CubicShip ticket.	Cada solicitud recibe un código único de CubicShip.	يحصل كل طلب على رمز CubicShip فريد.
Dashboard summary	Resumen del panel	ملخص لوحة التحكم
Choose the service, enter the details, and CubicShip will generate one secured order code for staff to process.	Elija el servicio e introduzca los datos. CubicShip generará un código seguro para que el personal procese la solicitud.	اختر الخدمة وأدخل التفاصيل، وستنشئ CubicShip رمز طلب آمنًا ليعالجه الموظفون.
Service	Servicio	الخدمة
DHL Label	Etiqueta DHL	ملصق DHL
Printing	Impresión	الطباعة
Business Print	Impresión empresarial	طباعة الأعمال
Display	Exhibición	العرض
Mailbox	Buzón	صندوق البريد
Virtual Notary	Notaría virtual	التوثيق عن بُعد
Extra Business Services	Otros servicios empresariales	خدمات أعمال إضافية
Freight / Cargo	Carga / mercancías	شحن البضائع / البضائع
Assigned Location	Ubicación asignada	الفرع المخصص
Enter shipment details so staff can verify the information and finalize the label at the selected location.	Introduzca los detalles para que el personal verifique la información y finalice la etiqueta en la ubicación elegida.	أدخل تفاصيل الشحنة ليتحقق الموظف من المعلومات ويعتمد الملصق في الفرع المحدد.
Print requests need item, shape, size, quantity, material, quality, and artwork details before staff can confirm availability or pricing.	Las solicitudes de impresión requieren artículo, forma, tamaño, cantidad, material, calidad y diseño antes de confirmar disponibilidad y precio.	تتطلب طلبات الطباعة تحديد الغرض والشكل والمقاس والكمية والخامة والجودة والتصميم قبل تأكيد التوفر أو السعر.
Design Path	Opción de diseño	خيار التصميم
Pick from available options	Elija entre las opciones disponibles	اختر من الخيارات المتاحة
I have my own design	Tengo mi propio diseño	لدي تصميمي الخاص
I need paid graphic design help	Necesito diseño gráfico de pago	أحتاج إلى تصميم جرافيكي مدفوع
Print Item	Artículo a imprimir	مادة الطباعة
Choose item	Elija un artículo	اختر الغرض
Shipping Labels	Etiquetas de envío	ملصقات الشحن
Document Printing	Impresión de documentos	طباعة المستندات
Copies / Scans / Fax	Copias / escaneo / fax	نسخ / مسح ضوئي / فاكس
Mailers / Boxes / Packing Supplies	Sobres / cajas / materiales de embalaje	مغلفات / صناديق / مستلزمات تغليف
Custom Forms / QR Cards	Formularios personalizados / tarjetas QR	نماذج مخصصة / بطاقات QR
Stickers / Labels	Pegatinas / etiquetas	ملصقات / بطاقات تعريف
Business Cards	Tarjetas de presentación	بطاقات أعمال
Banner	Pancarta	لافتة
Business Signage	Rótulos comerciales	لافتات تجارية
Window Decals	Vinilos para ventanas	ملصقات النوافذ
Event Display	Exhibición para eventos	لوحات عرض للفعاليات
Flyers / Promo Cards	Folletos / tarjetas promocionales	منشورات / بطاقات ترويجية
Other Branded Print	Otros impresos de marca	مطبوعات أخرى للعلامة التجارية
Shape / Cut	Forma / corte	الشكل / القص
Circle, square, rectangle, die-cut, roll labels...	Círculo, cuadrado, rectángulo, troquelado, etiquetas en rollo...	دائرة، مربع، مستطيل، قص مخصص، ملصقات ملفوفة...
Size	Tamaño	المقاس
2 x 3 in, 3 ft x 6 ft, letter, legal...	2 x 3 pulgadas, 3 x 6 pies, carta, legal...	2 × 3 بوصة، 3 × 6 أقدام، مقاس Letter، مقاس Legal...
Quantity	Cantidad	الكمية
50, 100, 500, 1 box, 2 banners...	50, 100, 500, 1 caja, 2 pancartas...	50، 100، 500، صندوق واحد، لافتتان...
Material / Quality	Material / calidad	الخامة / الجودة
Matte, gloss, vinyl, waterproof, economy, premium...	Mate, brillo, vinilo, impermeable, económico, prémium...	مطفي، لامع، فينيل، مقاوم للماء، اقتصادي، ممتاز...
Artwork Link / File Notes	Enlace de diseño / notas del archivo	رابط التصميم / ملاحظات الملف
Google Drive link, email sent, logo ready, needs cleanup...	Enlace de Google Drive, correo enviado, logotipo listo, necesita ajustes...	رابط Google Drive، بريد مُرسل، شعار جاهز، يحتاج إلى تنقيح...
Option / Style Preference	Opción / estilo preferido	الخيار / النمط المفضل
Starter pack, clean, bold, luxury, event booth, storefront...	Paquete inicial, sencillo, llamativo, elegante, puesto de evento, escaparate...	باقة بداية، بسيط، بارز، فاخر، جناح فعالية، واجهة متجر...
Graphic Design Notes	Notas de diseño gráfico	ملاحظات التصميم الجرافيكي
Virtual notary requests need document type, signer details, preferred appointment time, and identity-readiness before staff can confirm the workflow.	Las solicitudes de notaría virtual requieren tipo de documento, datos de firmantes, cita preferida y preparación de identidad antes de confirmar el proceso.	تتطلب طلبات التوثيق عن بُعد نوع المستند وبيانات الموقّعين والموعد المفضل وجاهزية إثبات الهوية قبل أن يؤكد الموظف الإجراءات.
Document Type	Tipo de documento	نوع المستند
Power of attorney, affidavit, title, school form...	Poder notarial, declaración jurada, título, formulario escolar...	توكيل، إقرار مشفوع بالقسم، سند ملكية، نموذج مدرسي...
Preferred Appointment	Cita preferida	الموعد المفضل
Date/time or window	Fecha/hora o franja horaria	التاريخ / الوقت أو الفترة المناسبة
Signer Email	Correo del firmante	بريد الموقّع الإلكتروني
Signer Count	Número de firmantes	عدد الموقّعين
ID / Identity Readiness	Preparación de identificación	جاهزية إثبات الهوية
Valid ID ready, need help, signer remote, witness needed...	Identificación válida lista, necesita ayuda, firmante remoto, necesita testigo...	هوية سارية جاهزة، أحتاج مساعدة، موقّع عن بُعد، أحتاج شاهدًا...
Recipient / Contact	Destinatario / contacto	المستلم / جهة التواصل
Recipient name or service contact	Nombre del destinatario o contacto del servicio	اسم المستلم أو جهة التواصل للخدمة
Destination / Service Area	Destino / área de servicio	الوجهة / منطقة الخدمة
Country, service location, or request area	País, ubicación del servicio o área de solicitud	البلد أو موقع الخدمة أو منطقة الطلب
City / Appointment Preference	Ciudad / cita preferida	المدينة / الموعد المفضل
City, appointment window, or pickup point	Ciudad, franja de cita o punto de recogida	المدينة أو فترة الموعد أو نقطة الاستلام
Postal Code / Reference	Código postal / referencia	الرمز البريدي / المرجع
Postal code, mailbox, or order reference	Código postal, buzón o referencia de solicitud	الرمز البريدي أو صندوق البريد أو مرجع الطلب
Items / Pieces	Artículos / piezas	الأغراض / القطع
Weight / Quantity	Peso / cantidad	الوزن / الكمية
Example: 12 lb	Ejemplo: 12 lb	مثال: 12 رطلًا
Dimensions / Document Count	Dimensiones / número de documentos	الأبعاد / عدد المستندات
Example: 12 x 10 x 8 in	Ejemplo: 12 x 10 x 8 pulgadas	مثال: 12 × 10 × 8 بوصة
Declared Value / Budget	Valor declarado / presupuesto	القيمة المصرح بها / الميزانية
Example: $120	Ejemplo: $120	مثال: 120 دولارًا
Order Details	Detalles de la solicitud	تفاصيل الطلب
Staff Notes	Notas para el personal	ملاحظات للموظفين
Generate Secure Order	Generar solicitud segura	إرسال طلب الخدمة
Your CubicShip order code	Su código de solicitud CubicShip	رمز طلبك لدى CubicShip
Estimated price pending	Precio estimado pendiente	بانتظار عرض السعر
Cubic will show an estimated price here once area-based rates are connected.	Cubic mostrará aquí un precio estimado cuando se conecten las tarifas por zona.	ستعرض Cubic السعر التقديري هنا بعد ربط الأسعار حسب المنطقة.
Copy Order Code	Copiar código de solicitud	نسخ رمز الطلب
Bring the latest ticket with the matching box.	Traiga el último código con la caja correspondiente.	أحضر الطرد إلى الفرع وأبرز رمز الطلب الخاص به.
When staff uploads a label PDF, it appears here for download or printing.	Cuando el personal suba una etiqueta PDF, aparecerá aquí para descargar o imprimir.	عندما يرفع الموظف ملف PDF للملصق، سيظهر هنا للتنزيل أو الطباعة.
Need another service?	¿Necesita otro servicio?	هل تحتاج إلى خدمة أخرى؟
Ask your counter about printing, packing and other available services.	Consulte al mostrador sobre impresión, embalaje y otros servicios disponibles.	اسأل فرعك عن الطباعة والتغليف والخدمات الأخرى المتاحة.
View services	Ver servicios	عرض الخدمات
Cubic Ship Logo	Logotipo de Cubic Ship	شعار Cubic Ship
DHL Express Shipping	Envíos DHL Express	شحن DHL Express
Business Services | CubicShip	Servicios empresariales | CubicShip	خدمات الأعمال | CubicShip
About CubicShip | Local DHL Express Counter Help	Acerca de CubicShip | Ayuda local DHL Express	عن CubicShip | مساعدة محلية لشحن DHL Express
Parcel scanning workflow at a CubicShip DHL Express Service Point counter	Escaneo de paquetes en un punto de servicio DHL Express de CubicShip	إجراءات مسح الطرود في نقطة خدمة DHL Express لدى CubicShip
Start a DHL Shipment | CubicShip	Inicie un envío DHL | CubicShip	ابدأ شحنة DHL | CubicShip
Track Your Shipment - Cubic Ship	Rastree su envío - Cubic Ship	تتبع شحنتك - Cubic Ship
Customer Dashboard - Cubic Ship	Panel del cliente - Cubic Ship	لوحة العميل - Cubic Ship
CubicShip services	Servicios de CubicShip	خدمات CubicShip
What can we help you with?	¿En qué podemos ayudarle?	كيف يمكننا خدمتك؟
Start with the service you need. Your chosen counter will confirm availability, price and timing.	Empiece por el servicio que necesita. El mostrador elegido confirmará disponibilidad, precio y plazo.	اختر الخدمة التي تحتاجها، وسيتواصل معك الفرع المختار لتأكيد التوفر والسعر والموعد.
DHL Express shipping	Envíos DHL Express	شحن DHL Express
Send international documents and packages with help preparing your shipment. Start without an account.	Envíe documentos y paquetes internacionales con ayuda para prepararlos. Empiece sin una cuenta.	اشحن المستندات والطرود دوليًا بمساعدة فريقنا في تجهيزها. قدّم طلبك دون إنشاء حساب.
Start a DHL request	Iniciar una solicitud DHL	قدّم طلب شحن
Print, pack & paperwork	Impresión, embalaje y documentos	الطباعة والتغليف وتجهيز المستندات
Copies, scans, label printing and packing help. Ask your counter about materials and availability.	Copias, escaneo, etiquetas y ayuda de embalaje. Consulte materiales y disponibilidad con su mostrador.	نسخ ومسح ضوئي وطباعة ملصقات ومساعدة في التغليف. اسأل الفرع عن المواد والتوفر.
Explore print & pack	Ver impresión y embalaje	خدمات الطباعة والتغليف
Business print & display	Impresión y exhibición empresarial	المطبوعات واللافتات التجارية
Request business cards, stickers, banners or signage, with artwork and design help if needed.	Solicite tarjetas, pegatinas, pancartas o rótulos, con ayuda de diseño si la necesita.	اطلب بطاقات أعمال أو ملصقات أو لافتات مع المساعدة في التصميم عند الحاجة.
Explore business printing	Ver impresión empresarial	خدمات المطبوعات التجارية
Freight & cargo	Carga y mercancías	شحن البضائع
Request a quote for larger loads, air freight or ocean shipping. Include dimensions, weight, route and timing.	Solicite cotización para cargas grandes, aéreas o marítimas. Incluya dimensiones, peso, ruta y plazos.	اطلب عرض سعر لشحن البضائع الكبيرة أو الشحن الجوي والبحري. أضف الوزن والأبعاد وبلدي الإرسال والوجهة والموعد المطلوب.
Request a freight quote	Solicitar cotización de carga	اطلب عرض سعر للشحن الثقيل
Other counter services	Otros servicios del mostrador	خدمات الفرع الأخرى
Ask about	Consulte sobre	اسأل عن
passport photos and document preparation	fotos de pasaporte y preparación de documentos	صور جواز السفر وتجهيز المستندات
Illinois vehicle paperwork	documentación vehicular de Illinois	معاملات المركبات في إلينوي
bill payment	pago de facturas	دفع الفواتير
luggage storage	consigna de equipaje	حفظ الأمتعة
and	y	و
notary support	asistencia notarial	المساعدة في التوثيق
. Availability varies by location.	. La disponibilidad varía según la ubicación.	. يختلف التوفر حسب الفرع.
Ask about a service	Consultar un servicio	استفسر عن خدمة
Find your counter	Encuentre su mostrador	ابحث عن فرعك
For your business	Para su empresa	لأعمالك
Shipping and print help, close by.	Ayuda con envíos e impresión, cerca de usted.	خدمات شحن وطباعة قريبة من أعمالك
Send documents and products, prepare paperwork, or request branded print. Tell us what you need and when you need it.	Envíe documentos y productos, prepare documentación o solicite impresos de marca. Díganos qué necesita y para cuándo.	أرسل المستندات والمنتجات أو جهز الأوراق أو اطلب مطبوعات لعلامتك التجارية. أخبرنا بما تحتاجه ومتى تحتاجه.
Business shipping	Envíos empresariales	شحن الأعمال
Use guest intake for a one-off shipment or your account for existing service orders.	Use la solicitud de invitado para un envío ocasional o su cuenta para solicitudes existentes.	لإرسال شحنة واحدة، قدّم طلبك دون حساب. ولمتابعة طلباتك الحالية، سجّل الدخول إلى حسابك.
Start shipping	Empezar a enviar	ابدأ الشحن
Print & display	Impresión y exhibición	المطبوعات واللافتات
Share your product, quantity, size, artwork and deadline for a tailored quote.	Indique producto, cantidad, tamaño, diseño y fecha límite para una cotización personalizada.	حدّد نوع المطبوعات والكمية والمقاس والتصميم وموعد التسليم المطلوب لنقدم لك عرض سعر مناسبًا.
Choose print services	Elegir servicios de impresión	اختر خدمات الطباعة
Work with your local counter	Trabaje con su mostrador local	تعامل مع فرعك المحلي
Confirm the services available at your branch before visiting. Existing customers can view their orders in their account.	Confirme los servicios disponibles antes de visitar. Los clientes existentes pueden consultar solicitudes en su cuenta.	تأكد من الخدمات المتاحة في فرعك قبل الزيارة. يمكن للعملاء الحاليين عرض طلباتهم في حساباتهم.
Find a counter	Buscar un mostrador	ابحث عن فرع
Customer account	Cuenta de cliente	حساب العميل
Print & pack	Impresión y embalaje	الطباعة والتغليف
Get your parcel and paperwork ready.	Prepare su paquete y documentación.	كل ما تحتاجه لتجهيز طردك ومستنداتك
Ask for copies, scans, label printing or packing help at your selected CubicShip counter.	Solicite copias, escaneo, impresión de etiquetas o embalaje en su mostrador CubicShip.	اطلب النسخ أو المسح الضوئي أو طباعة الملصقات أو المساعدة في التغليف لدى فرع CubicShip الذي اخترته.
Printing & documents	Impresión y documentos	الطباعة والمستندات
Tell us the page count, number of copies, color or black-and-white, paper size and deadline. Bring your file or share an artwork link.	Indique páginas, copias, color o blanco y negro, tamaño del papel y plazo. Traiga el archivo o comparta un enlace al diseño.	أخبرنا بعدد الصفحات والنسخ والألوان أو الأبيض والأسود ومقاس الورق والموعد النهائي. أحضر ملفك أو شارك رابط التصميم.
Start a print inquiry	Consultar impresión	اطلب خدمة طباعة
Boxes & packing help	Cajas y ayuda de embalaje	الصناديق والمساعدة في التغليف
Tell us what you are sending and whether it is fragile or unpacked. Staff will confirm available packing materials and charges.	Indique qué envía y si es frágil o está sin embalar. El personal confirmará materiales disponibles y cargos.	أخبرنا بما ترسله وما إذا كان قابلًا للكسر أو غير مغلف. سيؤكد الموظف مواد التغليف المتاحة والرسوم.
Ask about packing & shipping	Consultar embalaje y envío	استفسر عن التغليف والشحن
Do I need my own printer or box?	¿Necesito mi propia impresora o caja?	هل أحتاج إلى طابعة أو صندوق خاص بي؟
You can request label printing and packing help. Confirm materials, file access and availability with the counter before visiting.	Puede solicitar impresión de etiquetas y embalaje. Confirme materiales, acceso al archivo y disponibilidad antes de visitar.	يمكنك طلب طباعة الملصقات والمساعدة في التغليف. أكد المواد وإمكانية الوصول إلى الملفات والتوفر مع الفرع قبل الزيارة.
How much does printing cost?	¿Cuánto cuesta imprimir?	كم تكلف الطباعة؟
Price depends on quantity, paper, color and finishing. The counter confirms the quote before work starts.	El precio depende de cantidad, papel, color y acabado. El mostrador confirma el precio antes de empezar.	يعتمد السعر على الكمية والورق والألوان والتشطيب. يؤكد الفرع عرض السعر قبل بدء العمل.
Bring your business into print.	Lleve su negocio a la impresión.	مطبوعات تعكس هوية عملك
Request cards, stickers, banners or signs. Your counter will confirm product availability and a quote after reviewing your specifications.	Solicite tarjetas, pegatinas, pancartas o rótulos. El mostrador confirmará disponibilidad y precio tras revisar sus especificaciones.	اطلب بطاقات أو ملصقات أو لافتات. سيؤكد الفرع توفر المنتج وعرض السعر بعد مراجعة مواصفاتك.
Tell us what you need	Díganos qué necesita	أخبرنا بما تحتاجه
Choose a product and share the size, quantity, intended use, material or finish, and deadline. Include an artwork link or ask for design help.	Elija un producto e indique tamaño, cantidad, uso, material o acabado y plazo. Incluya un enlace al diseño o solicite ayuda.	اختر منتجًا وحدد المقاس والكمية والاستخدام والخامة أو التشطيب والموعد النهائي. أضف رابط التصميم أو اطلب المساعدة فيه.
Request a print quote	Solicitar cotización de impresión	اطلب عرض سعر للطباعة
Review before production	Revisar antes de producir	راجع التصميم قبل الطباعة
Staff will confirm availability, price, artwork requirements and turnaround. Ask about a proof and approve the agreed details before production.	El personal confirmará disponibilidad, precio, requisitos del diseño y plazo. Pida una prueba y apruebe los detalles antes de producir.	سيؤكد فريق الفرع التوفر والسعر ومتطلبات التصميم ومدة التنفيذ. اطلب معاينة التصميم ووافق على التفاصيل قبل بدء الطباعة.
Can you help with the design?	¿Pueden ayudar con el diseño?	هل يمكنكم المساعدة في التصميم؟
Include design help in your inquiry. Staff will confirm what is available and any design charges before work starts.	Incluya la ayuda de diseño en su consulta. El personal confirmará disponibilidad y cargos antes de empezar.	اذكر حاجتك إلى التصميم في استفسارك. سيؤكد الموظف الخيارات المتاحة ورسوم التصميم قبل بدء العمل.
Find your counter.	Encuentre su mostrador.	ابحث عن فرعك.
Search by city, state or the ZIP in a branch address. Confirm today’s hours and last DHL collection before traveling.	Busque por ciudad, estado o código postal de la sucursal. Confirme el horario y la última recogida DHL antes de ir.	ابحث بالمدينة أو الولاية أو الرمز البريدي. قبل زيارتك، اتصل بالفرع لتأكيد ساعات العمل وآخر موعد لتسليم الشحنات إلى DHL.
City, state or ZIP	Ciudad, estado o código postal	المدينة أو الولاية أو الرمز البريدي
For example: Dearborn, MI or 48126	Por ejemplo: Dearborn, MI o 48126	مثال: Dearborn, MI أو 48126
15 locations	15 ubicaciones	15 فرعًا
No matching branch. ZIP searches match the listed address, not distance. Try your city or state, or	No hay coincidencias. La búsqueda postal usa la dirección indicada, no la distancia. Pruebe su ciudad o estado, o	لا يوجد فرع مطابق. البحث بالرمز البريدي يطابق العنوان المسجل ولا يعتمد على المسافة. جرّب المدينة أو الولاية، أو
Show all locations	Mostrar todas las ubicaciones	عرض جميع الفروع
Location details	Detalles de ubicación	تفاصيل الفرع
Call	Llamar	اتصل
Online requests unavailable	Solicitudes en línea no disponibles	الطلبات عبر الإنترنت غير متاحة
Temporarily closed	Cerrado temporalmente	مغلق مؤقتًا
Find locations	Buscar ubicaciones	البحث عن الفروع
Get a quote	Obtener cotización	احصل على عرض سعر
What do you need a price for?	¿Para qué necesita un precio?	ما الخدمة التي تريد معرفة سعرها؟
Choose the right request so your details reach the right team.	Elija la solicitud adecuada para que sus datos lleguen al equipo correcto.	اختر الطلب المناسب لتصل تفاصيلك إلى الفريق المختص.
DHL documents & parcels	Documentos y paquetes DHL	مستندات وطرود DHL
Get a staff-reviewed quote without creating an account.	Obtenga una cotización revisada por el personal sin crear una cuenta.	أرسل تفاصيل شحنتك ليراجعها فريق الفرع ويؤكد عرض السعر، دون إنشاء حساب.
DHL quote	Cotización DHL	عرض سعر DHL
Print & signage	Impresión y rótulos	الطباعة واللافتات
Share your product, quantity, size and artwork needs.	Indique producto, cantidad, tamaño y necesidades de diseño.	شارك نوع المنتج والكمية والمقاس واحتياجات التصميم.
Print inquiry	Consulta de impresión	استفسار طباعة
Air, ocean and larger shipments. Opens our freight form with file upload.	Envíos aéreos, marítimos y de gran tamaño. Abre el formulario de carga con subida de archivos.	للشحن الجوي والبحري والأحمال الكبيرة. يفتح نموذج شحن البضائع مع إمكانية رفع الملفات.
Freight form	Formulario de carga	نموذج شحن البضائع
Page not found	Página no encontrada	الصفحة غير موجودة
Let’s get you back on track.	Volvamos al camino correcto.	لنعد إلى الصفحة المناسبة.
This address may have changed. Choose one of the links below.	Esta dirección puede haber cambiado. Elija uno de los enlaces siguientes.	قد يكون هذا العنوان قد تغير. اختر أحد الروابط أدناه.
Track a shipment	Rastrear un envío	تتبع شحنة
Customer information	Información del cliente	معلومات العميل
Your information and your request.	Su información y su solicitud.	بياناتك وخصوصيتك
This page describes the data used by the current request service.	Esta página describe los datos usados por el servicio actual de solicitudes.	توضح هذه الصفحة البيانات التي نستخدمها لمعالجة طلباتك عبر الموقع.
Information you provide	Información que proporciona	المعلومات التي تقدمها
Shipping requests collect contact details, branch selection and shipment information. Preparing a drop-off also requires sender and receiver address details. Print inquiries collect the specifications and artwork links you choose to provide.	Las solicitudes de envío recopilan datos de contacto, sucursal e información del envío. Preparar una entrega también requiere direcciones del remitente y destinatario. Las consultas de impresión recopilan las especificaciones y enlaces de diseño que decida proporcionar.	تجمع طلبات الشحن بيانات التواصل والفرع المختار ومعلومات الشحنة. يتطلب تجهيز التسليم أيضًا عناوين المرسل والمستلم. تجمع استفسارات الطباعة المواصفات وروابط التصميم التي تختار تقديمها.
How it is used	Cómo se utiliza	كيف تُستخدم المعلومات
CubicShip uses these details to review your request, contact you, prepare the service and allow authorized staff at the appropriate branch to process it. Staff may need to provide relevant shipment information to the carrier to complete shipping.	CubicShip usa estos datos para revisar su solicitud, contactarle, preparar el servicio y permitir que el personal autorizado de la sucursal lo procese. Puede ser necesario compartir información pertinente con el transportista para completar el envío.	تستخدم CubicShip هذه البيانات لمراجعة طلبك والتواصل معك وتجهيز الخدمة وتمكين الموظفين المخولين في الفرع المناسب من معالجتها. قد يحتاج الموظف إلى تقديم معلومات الشحنة اللازمة لشركة الشحن لإتمام الإرسال.
Service providers	Proveedores de servicios	مزودو الخدمات
The website uses Vercel hosting and storage, account infrastructure where configured, and email delivery services to operate these features. Separate freight forms and carrier tracking pages are operated by the provider shown when you follow the link.	El sitio usa alojamiento y almacenamiento de Vercel, infraestructura de cuentas donde está configurada y servicios de correo. Los formularios de carga y páginas de rastreo externos los opera el proveedor indicado al abrir el enlace.	يستخدم الموقع استضافة وتخزين Vercel وبنية الحسابات عند إعدادها وخدمات إرسال البريد الإلكتروني لتشغيل هذه الميزات. يدير مزود الخدمة الظاهر عند فتح الرابط نماذج شحن البضائع وصفحات تتبع شركات الشحن الخارجية.
Accounts and request links	Cuentas y enlaces de solicitud	الحسابات وروابط الطلبات
Account sessions use cookies. A private request-status link grants access to that request’s status: keep it private. Website analytics may record page visits; do not put shipment or personal information into public links.	Las sesiones usan cookies. El enlace privado de estado permite acceder al estado de la solicitud: manténgalo privado. Las analíticas pueden registrar visitas; no incluya información personal o del envío en enlaces públicos.	تستخدم جلسات الحساب ملفات تعريف الارتباط. يتيح رابط حالة الطلب الخاص الوصول إلى حالة ذلك الطلب، لذا حافظ على خصوصيته. قد تسجل تحليلات الموقع زيارات الصفحات؛ لا تضع معلومات شخصية أو معلومات شحن في روابط عامة.
Questions or corrections	Preguntas o correcciones	الأسئلة أو التصحيحات
or your selected counter to ask about your information, request a correction or discuss deletion. Include your request reference, and avoid emailing payment-card details or passwords.	o a su mostrador para consultar sus datos, pedir una corrección o hablar sobre su eliminación. Incluya la referencia y no envíe datos de tarjeta ni contraseñas por correo.	أو فرعك المختار للاستفسار عن معلوماتك أو طلب تصحيحها أو مناقشة حذفها. أرفق مرجع طلبك وتجنب إرسال بيانات بطاقات الدفع أو كلمات المرور بالبريد الإلكتروني.
Before you book	Antes de reservar	قبل تقديم الطلب
Know what your request means.	Entienda qué significa su solicitud.	ماذا يحدث عند تقديم طلبك؟
Online intake starts a conversation with your counter. It does not by itself purchase or guarantee a service.	La solicitud en línea inicia la comunicación con su mostrador. Por sí sola no compra ni garantiza un servicio.	يتيح الطلب عبر الموقع لفريق الفرع مراجعة احتياجاتك والتواصل معك. ولا يُعدّ تقديمه شراءً للخدمة أو ضمانًا لتوفرها.
Quotes and availability	Cotizaciones y disponibilidad	عروض الأسعار وتوفر الخدمة
Staff must confirm item acceptance, service availability, price and timing. A pickup inquiry is not a scheduled collection. Contact the counter for urgent deadlines and to confirm hours.	El personal debe confirmar aceptación, disponibilidad, precio y plazo. Una consulta de recogida no es una recogida programada. Contacte al mostrador para plazos urgentes y horarios.	يجب أن يؤكد الموظف قبول الأغراض وتوفر الخدمة والسعر والتوقيت. الاستفسار عن الاستلام ليس موعد استلام محجوزًا. تواصل مع الفرع للمواعيد العاجلة وتأكيد ساعات العمل.
Charges and delivery	Cargos y entrega	الرسوم والتسليم
Before paying, confirm transport, packing, optional protection and destination duties or taxes, including who pays each charge. Delivery estimates depend on the confirmed carrier service and destination.	Antes de pagar, confirme transporte, embalaje, protección opcional y aranceles o impuestos en destino, y quién paga cada cargo. Las estimaciones dependen del servicio confirmado y el destino.	قبل الدفع، أكد النقل والتغليف والحماية الاختيارية والرسوم الجمركية أو الضرائب في الوجهة، ومن يدفع كل رسم. تعتمد تقديرات التسليم على خدمة الناقل المؤكدة والوجهة.
Confirm product specifications, artwork or proof, total price and turnaround before production starts.	Confirme especificaciones, diseño o prueba, precio total y plazo antes de producir.	أكد مواصفات المنتج والتصميم أو النموذج والسعر الإجمالي ومدة الإنجاز قبل بدء الإنتاج.
Changes, cancellation and claims	Cambios, cancelación y reclamaciones	التغييرات والإلغاء والمطالبات
Ask your counter about the conditions that apply to the selected service before purchase. For an existing order, contact the counter with your reference or carrier tracking number. Carrier terms and any agreed service conditions determine the available options.	Consulte las condiciones del servicio antes de comprar. Para una solicitud existente, contacte al mostrador con su referencia o número de rastreo. Las condiciones del transportista y del servicio acordado determinan las opciones disponibles.	اسأل الفرع عن شروط الخدمة المختارة قبل الشراء. للطلبات الحالية، تواصل مع الفرع باستخدام مرجعك أو رقم تتبع شركة الشحن. تحدد شروط الناقل وشروط الخدمة المتفق عليها الخيارات المتاحة.
No account needed	Sin crear una cuenta	لا حاجة إلى حساب
Ask your counter.	Consulte a su mostrador.	تواصل مع الفرع بشأن خدمتك
Staff will confirm availability, price and timing before work starts.	El personal confirmará disponibilidad, precio y plazo antes de empezar.	سيؤكد لك فريق الفرع توفر الخدمة والسعر والموعد قبل البدء.
Printing & paperwork	Impresión y documentos	الطباعة والمستندات
Another counter service	Otro servicio del mostrador	خدمة أخرى في الفرع
Choose a counter	Elija un mostrador	اختر فرعًا
Print specifications (add what you know)	Especificaciones de impresión (agregue lo que sepa)	مواصفات الطباعة (أدخل التفاصيل المتوفرة لديك)
Product or document type	Tipo de producto o documento	نوع المنتج أو المستند
Size or paper format	Tamaño o formato de papel	المقاس أو تنسيق الورق
Material, color or finish	Material, color o acabado	الخامة أو اللون أو التشطيب
Artwork link (optional)	Enlace de diseño (opcional)	رابط التصميم (اختياري)
Design help	Ayuda de diseño	المساعدة في التصميم
Choose if needed	Elija si lo necesita	اختر عند الحاجة
I have artwork ready	Tengo el diseño listo	التصميم جاهز لدي
I need design help	Necesito ayuda de diseño	أحتاج مساعدة في التصميم
Please advise	Solicito orientación	أحتاج إلى إرشاد
No artwork link? Describe the file below and staff will arrange how to receive it. Do not share private documents through a public link.	¿Sin enlace de diseño? Describa el archivo y el personal acordará cómo recibirlo. No comparta documentos privados mediante enlaces públicos.	ليس لديك رابط للتصميم؟ صف الملف أدناه وسيرتب الموظف طريقة استلامه. لا تشارك المستندات الخاصة عبر رابط عام.
What do you need?	¿Qué necesita?	ماذا تحتاج؟
Requested deadline (optional)	Fecha límite solicitada (opcional)	موعد التسليم المطلوب (اختياري)
Your name	Su nombre	اسمك
Your details are used to handle this request.	Sus datos se usan para atender esta solicitud.	تُستخدم بياناتك لمعالجة هذا الطلب.
I understand staff must confirm the service, price and timing.	Entiendo que el personal debe confirmar el servicio, precio y plazo.	أفهم أنه يجب على الموظف تأكيد الخدمة والسعر والتوقيت.
Send inquiry	Enviar consulta	إرسال الاستفسار
Save your private status link. For urgent requests, call your counter.	Guarde su enlace privado de estado. Para solicitudes urgentes, llame al mostrador.	احتفظ برابط متابعة طلبك ولا تشاركه مع الآخرين. إذا كان طلبك عاجلًا، اتصل بالفرع.
Start another inquiry	Iniciar otra consulta	بدء استفسار آخر
CubicShip request	Solicitud CubicShip	طلب CubicShip
This is your counter request status. Carrier delivery tracking becomes available after a shipment is created.	Este es el estado de su solicitud al mostrador. El rastreo del transportista estará disponible después de crear el envío.	هنا يمكنك متابعة طلبك لدى الفرع. وبعد إصدار الشحنة، يمكنك تتبعها باستخدام رقم تتبع شركة الشحن.
Open the private link from your confirmation to view a request. Older requests may require a call to the counter.	Abra el enlace privado de la confirmación para ver su solicitud. Para solicitudes antiguas, quizá deba llamar al mostrador.	افتح الرابط الخاص الموجود في التأكيد لعرض الطلب. قد تحتاج الطلبات الأقدم إلى الاتصال بالفرع.
Refresh status	Actualizar estado	تحديث الحالة
Carrier tracking	Rastreo del transportista	تتبع شركة الشحن
Get back into your account.	Recupere el acceso a su cuenta.	استعد الدخول إلى حسابك
Choose the email you need. You can also	Elija el correo que necesita. También puede	اختر الرسالة التي تحتاجها. يمكنك أيضًا
start a shipping request without an account	iniciar una solicitud de envío sin cuenta	بدء طلب شحن دون حساب
Account email	Correo de la cuenta	بريد الحساب الإلكتروني
Reset my password	Restablecer mi contraseña	إعادة تعيين كلمة المرور
Resend confirmation email	Reenviar correo de confirmación	إعادة إرسال رسالة التأكيد
Send email	Enviar correo	إرسال رسالة
Back to sign in	Volver al inicio de sesión	العودة إلى تسجيل الدخول
Contact account support	Contactar soporte de cuentas	التواصل مع دعم الحسابات
Checking your link.	Verificando su enlace.	جارٍ التحقق من رابطك.
Please wait while we verify the account link.	Espere mientras verificamos el enlace de la cuenta.	يرجى الانتظار بينما نتحقق من رابط الحساب.
New password (at least 12 characters)	Nueva contraseña (al menos 12 caracteres)	كلمة مرور جديدة (12 حرفًا على الأقل)
Confirm new password	Confirmar nueva contraseña	تأكيد كلمة المرور الجديدة
Update password	Actualizar contraseña	تحديث كلمة المرور
Sign in	Iniciar sesión	تسجيل الدخول
Request a new email	Solicitar otro correo	طلب رسالة جديدة
DHL Express counter	Mostrador DHL Express	فرع DHL Express
Start a DHL request before you visit, or call the counter for help.	Inicie una solicitud DHL antes de visitar o llame al mostrador.	ابدأ طلب DHL قبل زيارتك أو اتصل بالفرع للمساعدة.
Directions & map	Cómo llegar y mapa	الموقع على الخريطة
Store hours	Horario del establecimiento	ساعات عمل الفرع
Google listing	Ficha de Google	صفحة Google
· Checked 2026-09-13. Local times; holiday hours may differ.	· Verificado el 13/09/2026. Horarios locales; pueden variar en festivos.	· تم التحقق في 2026-09-13. الأوقات محلية؛ قد تختلف ساعات العطلات.
Last DHL collection	Última recogida DHL	آخر موعد لتسليم الشحنات إلى DHL
Call to confirm the DHL collection cutoff. It can be earlier than the store’s closing time.	Llame para confirmar la hora límite de recogida DHL. Puede ser antes del cierre.	اتصل بالفرع لتأكيد آخر موعد لتسليم شحنتك إلى DHL؛ فقد تغادر الشحنات قبل إغلاق الفرع.
Start before you visit	Empiece antes de visitar	جهّز طلبك قبل زيارة الفرع
Request a quote or prepare your drop-off details. No account needed. Staff confirms item acceptance, packing, price and delivery estimate.	Solicite cotización o prepare la entrega. No necesita cuenta. El personal confirma aceptación, embalaje, precio y entrega estimada.	اطلب عرض سعر أو أرسل بيانات شحنتك قبل زيارتك، دون إنشاء حساب. سيؤكد فريق الفرع إمكانية شحن المحتويات والتغليف والسعر وموعد التسليم المتوقع.
Start DHL request	Iniciar solicitud DHL	قدّم طلب شحن
Quote first	Cotización primero	عرض سعر أولًا
What to bring	Qué llevar	ما يجب إحضاره
Your items, the recipient’s full address and contact details, a description and value of the contents, and your request reference if you started online. Ask the counter about identification and customs documents for your shipment.	Sus artículos, dirección y contacto completos del destinatario, descripción y valor del contenido, y referencia si empezó en línea. Consulte documentos de identidad y aduana necesarios.	أغراضك وعنوان المستلم الكامل وبيانات التواصل معه ووصف المحتويات وقيمتها ومرجع طلبك إن بدأت عبر الإنترنت. اسأل الفرع عن وثائق الهوية والجمارك المطلوبة لشحنتك.
Need printing, packing or another counter service? Availability varies. Confirm with this branch before traveling.	¿Necesita impresión, embalaje u otro servicio? La disponibilidad varía. Confirme con la sucursal antes de ir.	هل تحتاج إلى طباعة أو تغليف أو خدمة أخرى؟ يختلف التوفر. تأكد من هذا الفرع قبل الذهاب.
Ask this counter about a service	Consulte un servicio en este mostrador	استفسر من هذا الفرع عن خدمة
Google Maps lists this location as temporarily closed. Reopening details are not confirmed.	Google Maps indica que esta ubicación está cerrada temporalmente. La reapertura no está confirmada.	تشير خرائط Google إلى أن هذا الفرع مغلق مؤقتًا. لم يتم تأكيد تفاصيل إعادة الافتتاح.
Find an active counter	Buscar un mostrador activo	ابحث عن فرع يعمل حاليًا
Online intake is unavailable at this branch. An active online counter can help you start a request now.	Esta sucursal no admite solicitudes en línea. Otro mostrador activo puede ayudarle ahora.	هذا الفرع لا يستقبل الطلبات عبر الموقع حاليًا. يمكنك اختيار فرع آخر لتقديم طلبك.
View active counters	Ver mostradores activos	عرض الفروع المتاحة
Google Maps lists these store hours. Contact the branch to confirm service; online requests are not enabled here yet.	Google Maps indica estos horarios. Contacte a la sucursal para confirmar el servicio; aún no admite solicitudes en línea.	تعرض خرائط Google ساعات العمل هذه. تواصل مع الفرع لتأكيد الخدمة؛ لم تُفعّل الطلبات عبر الإنترنت هنا بعد.
Store hours from the MEA Pack	Horario de MEA Pack	ساعات العمل من صفحة MEA Pack
Ship Google listing at this address. Confirm DHL service hours directly.	Ship en Google para esta dirección. Confirme directamente el horario de DHL.	Ship على Google لهذا العنوان. أكد ساعات خدمة DHL مباشرةً.
Shipment Intake QR - Cubic Ship	Formulario QR de envío - Cubic Ship	نموذج الشحن عبر QR - Cubic Ship
Digital Shipper's Form	Formulario digital del remitente	بيانات المرسل والمستلم
Fill this out instead of handwriting it.	Complete esto en lugar de escribir a mano.	أدخل بيانات شحنتك هنا
Enter the shipper and receiver contact details while you wait at the counter. Cubic Ship staff will handle the package, value, service, and label steps with you.	Introduzca los datos del remitente y destinatario mientras espera. El personal gestionará con usted el paquete, valor, servicio y etiqueta.	وفّر وقتك في الفرع بإدخال بيانات المرسل والمستلم هنا بدلًا من تعبئة النموذج الورقي. سيساعدك فريق Cubic Ship في إكمال تفاصيل الشحنة وقيمتها واختيار الخدمة وإصدار ملصق الشحن.
1. Add sender and receiver	1. Agregue remitente y destinatario	1. أدخل بيانات المرسل والمستلم
Use the exact names, phone numbers, emails, and addresses.	Use nombres, teléfonos, correos y direcciones exactos.	استخدم الأسماء وأرقام الهواتف والبريد الإلكتروني والعناوين بدقة.
2. Send once	2. Envíe una vez	2. أرسل النموذج مرة واحدة
You will receive a CubicShip counter code.	Recibirá un código de mostrador CubicShip.	ستحصل على رمز لفرع CubicShip.
3. Show staff	3. Muéstrelo al personal	3. أبرز رمز الطلب للموظف
Staff copies the clean details and continues the shipment with you.	El personal copia los datos y continúa el envío con usted.	سيستخدم فريق الفرع البيانات التي أدخلتها لإكمال إجراءات الشحن معك.
Process steps	Pasos del proceso	خطوات الإجراءات
Counter location	Ubicación del mostrador	موقع الفرع
Choose the Cubic Ship location helping you today.	Elija la ubicación Cubic Ship que le atiende hoy.	اختر فرع Cubic Ship الذي تزوره اليوم.
Location	Ubicación	الفرع
Choose a counter / Elija un mostrador	Elija un mostrador	اختر فرعًا
From / Shipper	De / remitente	من / المرسل
Matches the shipper side of the Cubic Ship paper form.	Corresponde al remitente en el formulario impreso de Cubic Ship.	يطابق قسم المرسل في نموذج Cubic Ship الورقي.
Shipper's Company	Empresa del remitente	شركة المرسل
Shipper's Name *	Nombre del remitente *	اسم المرسل *
Address line 1 *	Dirección, línea 1 *	العنوان، السطر الأول *
Address line 2	Dirección, línea 2	العنوان، السطر الثاني
City *	Ciudad *	المدينة *
ZIP Code *	Código postal *	الرمز البريدي *
Phone *	Teléfono *	الهاتف *
Email *	Correo electrónico *	البريد الإلكتروني *
To / Receiver	Para / destinatario	إلى / المستلم
Matches the receiver side of the Cubic Ship paper form.	Corresponde al destinatario en el formulario impreso de Cubic Ship.	يطابق قسم المستلم في نموذج Cubic Ship الورقي.
Country *	País *	البلد *
Receiver's Company	Empresa del destinatario	شركة المستلم
Receiver's Name *	Nombre del destinatario *	اسم المستلم *
Postal code (if applicable)	Código postal (si corresponde)	الرمز البريدي (إن وجد)
Email (optional)	Correo electrónico (opcional)	البريد الإلكتروني (اختياري)
I confirm the sender and receiver information is accurate, and Cubic Ship staff will continue the shipment at the counter.	Confirmo que los datos del remitente y destinatario son correctos y el personal de Cubic Ship continuará el envío en el mostrador.	أؤكد صحة معلومات المرسل والمستلم، وسيتابع موظفو Cubic Ship إجراءات الشحن في الفرع.
Send Sender / Receiver Info	Enviar datos de remitente / destinatario	إرسال بيانات المرسل / المستلم
Call Cubic Ship	Llamar a Cubic Ship	اتصل بـ Cubic Ship
After sending, show the counter code to the Cubic Ship employee.	Después de enviar, muestre el código al empleado de Cubic Ship.	بعد الإرسال، أبرز رمز الطلب لموظف Cubic Ship.
Sender and receiver info sent to Cubic Ship.	Datos del remitente y destinatario enviados a Cubic Ship.	تم إرسال بيانات المرسل والمستلم إلى Cubic Ship.
Your order code:	Su código de solicitud:	رمز طلبك:
Show this code to the counter team. Staff can copy the clean sender and receiver details, then continue the package, value, service, and label steps with you.	Muestre el código al personal. Podrá copiar los datos del remitente y destinatario y continuar con los pasos del paquete, valor, servicio y etiqueta.	أبرز هذا الرمز لفريق الفرع ليستخدم بيانات المرسل والمستلم ويكمل معك تفاصيل الشحنة وقيمتها واختيار الخدمة وإصدار ملصق الشحن.
Edit {section}	Editar {section}	تعديل {section}
Your requests, {name}.	Sus solicitudes, {name}.	مرحبًا {name}، هذه طلباتك
{company} is registered for {tier}. Ask Cubic staff to review shipping options for your volume.	{company} está registrada para {tier}. Pida al personal revisar las opciones según su volumen.	تم تسجيل {company} ضمن فئة {tier}. اطلب من الموظف مراجعة خيارات الشحن المناسبة لحجم شحناتك.
{count} location	{count} ubicación	فرع واحد ({count})
{count} locations	{count} ubicaciones	عدد الفروع: {count}
This QR code is set for {name}. Staff can change the location only from the portal if it was scanned at the wrong branch.	Este código QR corresponde a {name}. Si se escaneó en otra sucursal, el personal solo puede cambiarla desde el portal.	هذا النموذج مخصص لفرع {name}. إذا كنت في فرع آخر، أخبر الموظف ليصحح الفرع من لوحة الإدارة.
Print, pack	Impresión, embalaje	الطباعة والتغليف
paperwork | CubicShip	documentos | CubicShip	والأوراق | CubicShip
display | CubicShip	exhibición | CubicShip	والعرض | CubicShip
Services	Servicios	الخدمات
Business services	Servicios empresariales	خدمات الأعمال
Choose a quote	Elegir una cotización	اختر عرض سعر
Find a CubicShip counter	Buscar un mostrador CubicShip	ابحث عن فرع CubicShip
Request a service	Solicitar un servicio	اطلب خدمة
Account link	Enlace de cuenta	رابط الحساب
We only need your contact details for a first quote. Staff may ask for more shipment details before confirming a price.	Para una primera cotización solo necesitamos sus datos de contacto. El personal puede pedir más detalles antes de confirmar el precio.	نحتاج فقط إلى بيانات التواصل لعرض السعر الأولي. قد يطلب الموظف تفاصيل إضافية قبل تأكيد السعر.
Choose an available counter.	Elija un mostrador disponible.	اختر فرعًا متاحًا.
Sending…	Enviando…	جارٍ الإرسال…
We could not confirm your request. Please try again or call your counter.	No pudimos confirmar su solicitud. Inténtelo de nuevo o llame al mostrador.	تعذر تأكيد طلبك. يرجى المحاولة مجددًا أو الاتصال بفرعك.
Your pickup question has been sent to the counter. Call to confirm availability, price and timing before expecting a collection.	Su consulta de recogida fue enviada al mostrador. Llame para confirmar disponibilidad, precio y horario antes de esperar la recogida.	وصل استفسارك عن استلام الشحنة من عنوانك إلى الفرع. اتصل بالفريق لتأكيد توفر الخدمة وسعرها وموعدها؛ لم يُحجز موعد بعد.
Your quote request has been sent to this counter for review. Staff must confirm the price and delivery estimate. If you have an urgent deadline, call the counter.	Su solicitud de cotización fue enviada al mostrador. El personal debe confirmar el precio y la entrega estimada. Si es urgente, llame al mostrador.	وصل طلب عرض السعر إلى الفرع المختار. سيراجع الفريق التفاصيل ويؤكد لك السعر وموعد التسليم المتوقع. إذا كان طلبك عاجلًا، اتصل بالفرع.
Save this code and show it with your items at this counter. Staff will verify the details, confirm the price and help finish your shipment. Check current hours and the last collection before traveling.	Guarde este código y muéstrelo con sus artículos. El personal verificará los datos, confirmará el precio y completará el envío. Consulte horarios y última recogida antes de ir.	احتفظ بهذا الرمز وأبرزه مع شحنتك في الفرع المختار. سيراجع الفريق التفاصيل ويؤكد السعر ويكمل إجراءات الشحن معك. تأكد من ساعات العمل وآخر موعد لتسليم الشحنات إلى DHL قبل زيارتك.
Code copied.	Código copiado.	تم نسخ الرمز.
Select and copy the code above.	Seleccione y copie el código anterior.	حدد الرمز أعلاه وانسخه.
That counter is not available for online requests. Please choose another location.	Ese mostrador no admite solicitudes en línea. Elija otra ubicación.	هذا الفرع غير متاح للطلبات عبر الإنترنت. يرجى اختيار فرع آخر.
Locations could not load. Refresh this page or use the Locations link to call a counter.	No se pudieron cargar las ubicaciones. Actualice la página o use Ubicaciones para llamar a un mostrador.	تعذر تحميل الفروع. حدّث الصفحة أو استخدم رابط الفروع للاتصال بأحدها.
Keep this private link for future updates.	Guarde este enlace privado para futuras actualizaciones.	احتفظ بهذا الرابط الخاص لمتابعة التحديثات.
Checking request…	Consultando solicitud…	جارٍ التحقق من الطلب…
Could not load status.	No se pudo cargar el estado.	تعذر تحميل الحالة.
Request a print quote.	Solicite una cotización de impresión.	اطلب عرض سعر للطباعة.
That branch is unavailable. Choose an active counter.	Esa sucursal no está disponible. Elija un mostrador activo.	هذا الفرع غير متاح. اختر فرعًا متاحًا.
Locations could not load. Refresh or call your counter.	No se pudieron cargar las ubicaciones. Actualice o llame al mostrador.	تعذر تحميل الفروع. حدّث الصفحة أو اتصل بفرعك.
Could not confirm your request.	No se pudo confirmar su solicitud.	تعذر تأكيد طلبك.
Requesting email…	Solicitando correo…	جارٍ طلب الرسالة…
Please try again later.	Inténtelo de nuevo más tarde.	يرجى المحاولة لاحقًا.
Could not reach account support. Please try again.	No se pudo contactar al soporte de cuentas. Inténtelo de nuevo.	تعذر الاتصال بدعم الحسابات. يرجى المحاولة مجددًا.
This link could not be verified.	No se pudo verificar este enlace.	تعذر التحقق من هذا الرابط.
Link needs attention.	El enlace necesita revisión.	تعذر التحقق من الرابط
Open the complete link from your email or request a new confirmation or password-reset email.	Abra el enlace completo de su correo o solicite un nuevo correo de confirmación o recuperación.	افتح الرابط الكامل من بريدك أو اطلب رسالة تأكيد أو إعادة تعيين كلمة مرور جديدة.
Choose a new password.	Elija una nueva contraseña.	أنشئ كلمة مرور جديدة
Your link is verified. Enter your new password below.	Su enlace está verificado. Introduzca la nueva contraseña.	تم التحقق من رابطك. أدخل كلمة المرور الجديدة أدناه.
Email confirmed.	Correo confirmado.	تم تأكيد البريد الإلكتروني.
Your email is verified. You can now sign in.	Su correo está verificado. Ya puede iniciar sesión.	تم التحقق من بريدك الإلكتروني. يمكنك الآن تسجيل الدخول.
The passwords do not match.	Las contraseñas no coinciden.	كلمتا المرور غير متطابقتين.
Password updated.	Contraseña actualizada.	تم تحديث كلمة المرور.
Checking online request availability…	Comprobando disponibilidad de solicitudes en línea…	جارٍ التحقق من توفر الطلبات عبر الإنترنت…
Online requests are temporarily unavailable. Call your counter to start a shipment or service inquiry.	Las solicitudes en línea no están disponibles temporalmente. Llame a su mostrador para iniciar un envío o consulta.	الطلبات عبر الإنترنت غير متاحة مؤقتًا. اتصل بفرعك لبدء شحنة أو استفسار عن خدمة.
Unexpected server response.	Respuesta inesperada del servidor.	استجابة غير متوقعة من الخادم.
Request failed.	La solicitud falló.	تعذر إتمام الطلب.
Loading orders...	Cargando solicitudes...	جارٍ تحميل الطلبات...
No service orders submitted yet.	Aún no hay solicitudes de servicio.	لم تُقدم طلبات خدمة بعد.
Label PDF: waiting for staff upload.	Etiqueta PDF: pendiente de subir por el personal.	ملف PDF للملصق: بانتظار رفعه من الموظف.
Staff marked this order ready for the next counter step.	El personal marcó la solicitud como lista para el siguiente paso.	حدد الموظف هذا الطلب على أنه جاهز للخطوة التالية في الفرع.
No labels uploaded yet. For DHL/freight orders, staff will upload the PDF after verifying and finalizing the label.	Aún no hay etiquetas. Para DHL/carga, el personal subirá el PDF tras verificar y finalizar la etiqueta.	لم تُرفع ملصقات بعد. لطلبات DHL وشحن البضائع، سيرفع الموظف ملف PDF بعد التحقق من الملصق واعتماده.
No order history to export yet.	Aún no hay historial para exportar.	لا يوجد سجل طلبات للتصدير بعد.
Order history CSV downloaded.	Historial CSV descargado.	تم تنزيل سجل الطلبات بصيغة CSV.
Logging in...	Iniciando sesión...	جارٍ تسجيل الدخول...
Check your email to confirm the account, then log in.	Revise su correo para confirmar la cuenta y luego inicie sesión.	راجع بريدك لتأكيد الحساب، ثم سجل الدخول.
Creating secure order...	Creando solicitud segura...	جارٍ إنشاء طلب آمن...
Cubic will show an estimated price here once rates are connected.	Cubic mostrará aquí un precio estimado cuando se conecten las tarifas.	ستعرض Cubic السعر التقديري هنا بعد ربط الأسعار.
Secure order generated. Staff can now review it in the portal.	Solicitud segura creada. El personal puede revisarla en el portal.	تم إنشاء طلب آمن. يمكن للموظف مراجعته في البوابة الآن.
Order code copied.	Código de solicitud copiado.	تم نسخ رمز الطلب.
Sending sender and receiver info to Cubic Ship...	Enviando datos del remitente y destinatario a Cubic Ship...	جارٍ إرسال بيانات المرسل والمستلم إلى Cubic Ship...
Saved. Show the counter code to staff.	Guardado. Muestre el código al personal.	تم الحفظ. أبرز رمز الطلب للموظف.
Submission failed.	No se pudo enviar.	تعذر الإرسال.
Submitting...	Enviando...	جارٍ الإرسال...
This counter is not accepting requests. Choose an active counter.	Este mostrador no acepta solicitudes. Elija uno activo.	هذا الفرع لا يقبل الطلبات. اختر فرعًا متاحًا.
Choose an active counter.	Elija un mostrador activo.	اختر فرعًا متاحًا.
Locations unavailable. Refresh or call your counter.	Ubicaciones no disponibles. Actualice o llame al mostrador.	الفروع غير متاحة. حدّث الصفحة أو اتصل بفرعك.
Shipper country is required.	El país del remitente es obligatorio.	بلد المرسل مطلوب.
Shipper name is required.	El nombre del remitente es obligatorio.	اسم المرسل مطلوب.
Shipper address line 1 is required.	La dirección del remitente es obligatoria.	السطر الأول من عنوان المرسل مطلوب.
Shipper street address is required.	La dirección del remitente es obligatoria.	عنوان شارع المرسل مطلوب.
Shipper city is required.	La ciudad del remitente es obligatoria.	مدينة المرسل مطلوبة.
Shipper ZIP code is required.	El código postal del remitente es obligatorio.	الرمز البريدي للمرسل مطلوب.
Shipper ZIP/postal code is required.	El código postal del remitente es obligatorio.	الرمز البريدي للمرسل مطلوب.
Shipper phone is required.	El teléfono del remitente es obligatorio.	هاتف المرسل مطلوب.
Shipper email is required.	El correo del remitente es obligatorio.	بريد المرسل الإلكتروني مطلوب.
Receiver country is required.	El país del destinatario es obligatorio.	بلد المستلم مطلوب.
Receiver name is required.	El nombre del destinatario es obligatorio.	اسم المستلم مطلوب.
Receiver address line 1 is required.	La dirección del destinatario es obligatoria.	السطر الأول من عنوان المستلم مطلوب.
Receiver street address is required.	La dirección del destinatario es obligatoria.	عنوان شارع المستلم مطلوب.
Receiver city is required.	La ciudad del destinatario es obligatoria.	مدينة المستلم مطلوبة.
Receiver postal code is optional.	El código postal del destinatario es opcional.	الرمز البريدي للمستلم اختياري.
Receiver phone is required.	El teléfono del destinatario es obligatorio.	هاتف المستلم مطلوب.
Receiver email is optional.	El correo del destinatario es opcional.	بريد المستلم الإلكتروني اختياري.
Enter a valid shipper email.	Introduzca un correo válido del remitente.	أدخل بريدًا إلكترونيًا صالحًا للمرسل.
Enter a valid receiver email.	Introduzca un correo válido del destinatario.	أدخل بريدًا إلكترونيًا صالحًا للمستلم.
Enter a valid shipper phone number.	Introduzca un teléfono válido del remitente.	أدخل رقم هاتف صالحًا للمرسل.
Enter a valid receiver phone number.	Introduzca un teléfono válido del destinatario.	أدخل رقم هاتف صالحًا للمستلم.
Not provided	No proporcionado	غير متوفر
piece(s)	pieza(s)	قطعة
Weight: staff to confirm	Peso: por confirmar	الوزن: يؤكده الموظف
Size: staff to confirm	Medidas: por confirmar	الأبعاد: يؤكدها الموظف
Ask about pickup — not booked	Consultar recogida — sin reservar	طلب استلام من عنوانك — بانتظار تأكيد الموعد
Bring to counter	Llevar al mostrador	التسليم في الفرع
Packing help needed	Necesita ayuda de embalaje	المساعدة في التغليف مطلوبة
Already packed	Ya embalado	مغلف بالفعل
To be confirmed	Por confirmar	بانتظار التأكيد
None	Ninguno	لا يوجد
Request	Solicitud	الطلب
Counter	Mostrador	الفرع
Destination	Destino	الوجهة
Contents	Contenido	المحتويات
Weight and size	Peso y medidas	الوزن والأبعاد
Handoff	Entrega	التسليم
Packing	Embalaje	التغليف
Shipping date	Fecha de envío	تاريخ الشحن
Your contact	Su contacto	بيانات التواصل معك
Receiver	Destinatario	المستلم
Additional notes	Notas adicionales	ملاحظات إضافية
Contact details	Datos de contacto	بيانات التواصل
Last update	Última actualización	آخر تحديث
Staff reviewing	En revisión por el personal	قيد المراجعة
Payment to confirm	Pago por confirmar	الدفع بانتظار التأكيد
Ready for drop-off	Listo para entregar	جاهز للتسليم في الفرع
Received at counter	Recibido en el mostrador	تم الاستلام في الفرع
Counter processing completed	Trámite del mostrador completado	اكتملت إجراءات الطلب في الفرع
Request cancelled	Solicitud cancelada	تم إلغاء الطلب
Use your private request-status link.	Use su enlace privado de estado.	استخدم رابط حالة الطلب الخاص بك.
Please wait before checking again.	Espere antes de volver a consultar.	يرجى الانتظار قبل التحقق مجددًا.
This private link is invalid. Check the link in your receipt or contact your counter.	El enlace privado no es válido. Revise el enlace del recibo o contacte al mostrador.	هذا الرابط الخاص غير صالح. تحقق من الرابط في إيصالك أو اتصل بفرعك.
This request is unavailable. Contact your counter with your request reference.	La solicitud no está disponible. Contacte al mostrador con su referencia.	هذا الطلب غير متاح. تواصل مع فرعك وقدم مرجع الطلب.
Counter processing is complete. Contact your counter to confirm collection or any remaining arrangements.	El trámite del mostrador terminó. Contacte para confirmar recogida o gestiones pendientes.	اكتملت المعالجة في الفرع. تواصل معه لتأكيد الاستلام أو أي ترتيبات متبقية.
Counter processing is complete. Check carrier tracking for delivery updates.	El trámite del mostrador terminó. Consulte el rastreo para actualizaciones de entrega.	اكتملت المعالجة في الفرع. تحقق من تتبع الناقل لمعرفة تحديثات التسليم.
Please contact your selected counter to discuss this request.	Contacte al mostrador elegido para hablar de esta solicitud.	يرجى التواصل مع الفرع المختار لمناقشة هذا الطلب.
Staff must confirm service, price and any pickup. For urgent deadlines, call your counter.	El personal debe confirmar servicio, precio y recogida. Para plazos urgentes, llame al mostrador.	سيؤكد فريق الفرع الخدمة والسعر وموعد الاستلام من عنوانك إن طلبته. إذا كان الموعد عاجلًا، اتصل بالفرع.
Status is temporarily unavailable. Please try again or contact your counter.	El estado no está disponible temporalmente. Inténtelo de nuevo o contacte al mostrador.	الحالة غير متاحة مؤقتًا. يرجى المحاولة مجددًا أو التواصل مع فرعك.
Please log in to your Cubic Ship account.	Inicie sesión en su cuenta Cubic Ship.	يرجى تسجيل الدخول إلى حسابك في Cubic Ship.
Please log in to your Cubic Ship account again.	Vuelva a iniciar sesión en su cuenta Cubic Ship.	يرجى تسجيل الدخول إلى حسابك في Cubic Ship مجددًا.
This customer account is no longer active.	Esta cuenta ya no está activa.	حساب العميل هذا لم يعد نشطًا.
Please wait before trying account recovery again.	Espere antes de volver a recuperar la cuenta.	يرجى الانتظار قبل محاولة استعادة الحساب مجددًا.
Invalid request.	Solicitud no válida.	طلب غير صالح.
Online account recovery is unavailable. Contact info@cubicship.com for account help.	La recuperación en línea no está disponible. Contacte a info@cubicship.com.	استعادة الحساب عبر الإنترنت غير متاحة. تواصل مع info@cubicship.com للمساعدة.
This confirmation link could not be verified. Request a new email.	No se pudo verificar el enlace de confirmación. Solicite otro correo.	تعذر التحقق من رابط التأكيد. اطلب رسالة جديدة.
Use a password with 12 to 128 characters.	Use una contraseña de 12 a 128 caracteres.	استخدم كلمة مرور من 12 إلى 128 حرفًا.
This recovery link is invalid. Request a new one.	El enlace de recuperación no es válido. Solicite otro.	رابط الاستعادة غير صالح. اطلب رابطًا جديدًا.
This recovery link has expired. Request a new one.	El enlace de recuperación ha caducado. Solicite otro.	انتهت صلاحية رابط الاستعادة. اطلب رابطًا جديدًا.
Password could not be updated. Request a new recovery link and try again.	No se pudo actualizar la contraseña. Solicite otro enlace e inténtelo de nuevo.	تعذر تحديث كلمة المرور. اطلب رابط استعادة جديدًا وحاول مجددًا.
Password updated. You can now sign in.	Contraseña actualizada. Ya puede iniciar sesión.	تم تحديث كلمة المرور. يمكنك الآن تسجيل الدخول.
Enter a valid email address.	Introduzca un correo electrónico válido.	أدخل عنوان بريد إلكتروني صالحًا.
Please wait before requesting another email.	Espere antes de solicitar otro correo.	يرجى الانتظار قبل طلب رسالة أخرى.
Email service is temporarily unavailable. Try again later.	El servicio de correo no está disponible temporalmente. Inténtelo más tarde.	خدمة البريد غير متاحة مؤقتًا. حاول لاحقًا.
If this account is eligible, an email will arrive with the next steps. Check your spam folder too.	Si la cuenta cumple los requisitos, recibirá un correo con los pasos siguientes. Revise también el correo no deseado.	إذا كان الحساب يستوفي شروط هذه العملية، فستصلك رسالة تتضمن الخطوات التالية. تحقق أيضًا من مجلد الرسائل غير المرغوب فيها.
Account recovery is temporarily unavailable. Please try again later.	La recuperación no está disponible temporalmente. Inténtelo más tarde.	استعادة الحساب غير متاحة مؤقتًا. يرجى المحاولة لاحقًا.
Your name is required.	Su nombre es obligatorio.	اسمك مطلوب.
Password must be at least 8 characters.	La contraseña debe tener al menos 8 caracteres.	يجب ألا تقل كلمة المرور عن 8 أحرف.
Business name is required.	El nombre de empresa es obligatorio.	اسم الشركة مطلوب.
Small business signup code is required.	El código de pequeña empresa es obligatorio.	رمز تسجيل الشركة الصغيرة مطلوب.
Choose a monthly shipment tier: 10, 20, or 30 shipments.	Elija un nivel mensual: 10, 20 o 30 envíos.	اختر فئة الشحن الشهرية: 10 أو 20 أو 30 شحنة.
Small business signup code is not valid.	El código de pequeña empresa no es válido.	رمز تسجيل الشركة الصغيرة غير صالح.
Could not create customer account.	No se pudo crear la cuenta.	تعذر إنشاء حساب العميل.
Email or password is incorrect.	El correo o la contraseña son incorrectos.	البريد الإلكتروني أو كلمة المرور غير صحيحة.
Too many login attempts. Wait a few minutes and try again.	Demasiados intentos de acceso. Espere unos minutos e inténtelo de nuevo.	محاولات تسجيل دخول كثيرة. انتظر بضع دقائق ثم حاول مجددًا.
Too many login attempts for this account. Wait a few minutes and try again.	Demasiados intentos para esta cuenta. Espere unos minutos e inténtelo de nuevo.	محاولات تسجيل دخول كثيرة لهذا الحساب. انتظر بضع دقائق ثم حاول مجددًا.
An account with that email already exists.	Ya existe una cuenta con ese correo.	يوجد حساب بهذا البريد الإلكتروني بالفعل.
Please refresh the form and try again.	Actualice el formulario e inténtelo de nuevo.	يرجى تحديث النموذج والمحاولة مجددًا.
Choose an available CubicShip counter.	Elija un mostrador CubicShip disponible.	اختر فرع CubicShip متاحًا.
Choose a quote or a drop-off request.	Elija cotización o entrega en mostrador.	اختر طلب عرض سعر أو تسليم في الفرع.
Choose documents or a package.	Elija documentos o paquete.	اختر مستندات أو طردًا.
Choose how you will get the shipment to us.	Elija cómo nos entregará el envío.	اختر طريقة إيصال الشحنة إلينا.
Choose whether you need packing help.	Indique si necesita embalaje.	حدد ما إذا كنت تحتاج إلى مساعدة في التغليف.
Confirm your request details before sending.	Confirme los datos antes de enviar.	أكد تفاصيل طلبك قبل الإرسال.
Request fields must be text.	Los campos deben contener texto.	يجب أن تحتوي خانات الطلب على نصوص.
One of the request fields is too long.	Uno de los campos es demasiado largo.	إحدى خانات الطلب أطول من المسموح.
Complete the contact, destination and shipment details.	Complete los datos de contacto, destino y envío.	أكمل بيانات التواصل والوجهة والشحنة.
Enter a valid phone number, including the country code where needed.	Introduzca un teléfono válido, con código de país cuando corresponda.	أدخل رقم هاتف صالحًا مع رمز البلد عند الحاجة.
Enter a valid number of pieces.	Introduzca un número de piezas válido.	أدخل عدد قطع صالحًا.
Package measurements must be positive numbers.	Las medidas deben ser números positivos.	يجب أن تكون قياسات الطرد أرقامًا موجبة.
Enter a valid weight.	Introduzca un peso válido.	أدخل وزنًا صالحًا.
Please wait or call your counter.	Espere o llame al mostrador.	يرجى الانتظار أو الاتصال بفرعك.
Choose an available counter and confirm your request.	Elija un mostrador disponible y confirme la solicitud.	اختر فرعًا متاحًا وأكد طلبك.
Some request details are too long.	Algunos datos son demasiado largos.	بعض تفاصيل الطلب أطول من المسموح.
Add your name, valid email, phone and request details.	Agregue nombre, correo válido, teléfono y detalles de la solicitud.	أضف اسمك وبريدًا إلكترونيًا صالحًا وهاتفك وتفاصيل الطلب.
Use a complete https:// artwork link or leave it blank.	Use un enlace de diseño completo con https:// o déjelo vacío.	استخدم رابط تصميم كاملًا يبدأ بـ https:// أو اتركه فارغًا.
This request changed. Try again to retrieve its confirmation.	La solicitud cambió. Inténtelo de nuevo para recuperar la confirmación.	تغير هذا الطلب. حاول مجددًا لاسترجاع تأكيده.
We could not confirm your request. Try again or call your counter.	No pudimos confirmar su solicitud. Inténtelo de nuevo o llame al mostrador.	تعذر تأكيد طلبك. حاول مجددًا أو اتصل بفرعك.
Request could not be submitted.	No se pudo enviar la solicitud.	تعذر إرسال الطلب.
Too many requests. Please wait or call your counter.	Demasiadas solicitudes. Espere o llame al mostrador.	طلبات كثيرة. يرجى الانتظار أو الاتصال بفرعك.
Choose an available counter. This location is not accepting requests.	Elija un mostrador disponible. Esta ubicación no acepta solicitudes.	اختر فرعًا متاحًا. هذا الفرع لا يقبل الطلبات.
Contact or recipient name is required.	El nombre del contacto o destinatario es obligatorio.	اسم جهة التواصل أو المستلم مطلوب.
Destination, service area, or request category is required.	El destino, área de servicio o categoría son obligatorios.	الوجهة أو منطقة الخدمة أو فئة الطلب مطلوبة.
Order details are required.	Los detalles de la solicitud son obligatorios.	تفاصيل الطلب مطلوبة.
How do I start a shipment?	¿Cómo inicio un envío?	كيف أقدّم طلب شحن؟
Start a DHL request as a guest. Choose your counter, request a quote or prepare a drop-off, and save your confirmation code. Staff confirms price and shipping arrangements.	Inicie una solicitud DHL como invitado. Elija mostrador, solicite cotización o prepare una entrega y guarde el código. El personal confirma precio y condiciones.	قدّم طلب شحن دون إنشاء حساب. اختر فرعك، ثم اطلب عرض سعر أو أرسل بيانات شحنتك قبل الزيارة. احتفظ برمز الطلب؛ سيؤكد لك فريق الفرع السعر وترتيبات الشحن.
Can I request a service?	¿Puedo solicitar un servicio?	هل يمكنني طلب خدمة؟
Yes. Use the service request option here for passport, DMV, printing, notary, payments, luggage storage, freight help, or another counter service.	Sí. Use la solicitud de servicio para pasaporte, DMV, impresión, notaría, pagos, equipaje, carga u otros servicios.	نعم. استخدم خيار طلب الخدمة للجوازات أو معاملات المركبات أو الطباعة أو التوثيق أو المدفوعات أو حفظ الأمتعة أو شحن البضائع أو خدمات الفرع الأخرى.
What services do you offer?	¿Qué servicios ofrecen?	ما الخدمات التي تقدمونها؟
Cubic Ship handles DHL Express, domestic and international shipping, air/ocean/ground freight, passport services, office services, IL DMV services, payment services, money orders, luggage storage, virtual notary support, and document help.	Cubic Ship ofrece DHL Express, envíos nacionales e internacionales, carga aérea/marítima/terrestre, pasaportes, servicios de oficina y DMV de Illinois, pagos, giros postales, consigna de equipaje, notaría virtual y documentos.	تقدم Cubic Ship خدمات DHL Express والشحن المحلي والدولي والشحن الجوي والبحري والبري وخدمات الجوازات والمكاتب ومعاملات المركبات في إلينوي والمدفوعات والحوالات المالية وحفظ الأمتعة والتوثيق عن بُعد والمساعدة في المستندات.
Where are you located?	¿Dónde están ubicados?	أين تقع فروعكم؟
Cubic Ship Bridgeview is at 7327 W 87th Street, Bridgeview, IL 60455. Call ahead if you need a specific service confirmed before coming in.	Cubic Ship Bridgeview está en 7327 W 87th Street, Bridgeview, IL 60455. Llame antes para confirmar un servicio específico.	يقع Cubic Ship Bridgeview في 7327 W 87th Street, Bridgeview, IL 60455. اتصل مسبقًا لتأكيد خدمة معينة قبل زيارتك.
How do I track a shipment?	¿Cómo rastreo un envío?	كيف أتتبع شحنة؟
Use the tracking page for DHL, UPS, FedEx, USPS, or freight references. If you only have a Cubic Ship ticket number, contact the counter team for help.	Use la página de rastreo para DHL, UPS, FedEx, USPS o carga. Si solo tiene un código Cubic Ship, contacte al mostrador.	استخدم صفحة التتبع لمراجع DHL أو UPS أو FedEx أو USPS أو شحن البضائع. إذا كان لديك رمز Cubic Ship فقط، فتواصل مع فريق الفرع للمساعدة.
Do you help small businesses?	¿Ayudan a pequeñas empresas?	هل تساعدون الشركات الصغيرة؟
Yes. Cubic helps online shops, local sellers, home businesses, and small teams with DHL, packing, freight, document support, and business shipping rates based on volume, destination, service type, and carrier availability.	Sí. Cubic ayuda a tiendas en línea, vendedores locales y pequeños negocios con DHL, embalaje, carga, documentos y tarifas según volumen, destino, servicio y disponibilidad.	نعم. تساعد Cubic المتاجر الإلكترونية والبائعين المحليين والأعمال المنزلية والفرق الصغيرة في DHL والتغليف وشحن البضائع والمستندات وأسعار شحن الأعمال حسب الحجم والوجهة ونوع الخدمة وتوفر الناقل.
Tell Cubic where you sell, what you ship, and your expected monthly volume. The team can review the best available shipping path for your shop.	Indique dónde vende, qué envía y su volumen mensual previsto. El equipo revisará las opciones disponibles para su tienda.	أخبر Cubic أين تبيع وما الذي تشحنه وحجم شحنك الشهري المتوقع. يستطيع الفريق مراجعة خيارات الشحن المتاحة لمتجرك.
Do I need a box or printer?	¿Necesito una caja o impresora?	هل أحتاج إلى صندوق أو طابعة؟
Ask your counter for packing and label help. Staff will confirm materials and any packing charges.	Pida ayuda de embalaje y etiquetas. El personal confirmará materiales y cargos.	اطلب المساعدة في التغليف والملصقات من الفرع. سيؤكد الموظف المواد ورسوم التغليف.
Can my item go internationally?	¿Puedo enviar mi artículo al extranjero?	هل يمكن شحن غرضي دوليًا؟
Describe what is inside, including batteries, liquids or food. Your counter must confirm eligibility, required paperwork and destination restrictions before shipping.	Describa el contenido, incluidas baterías, líquidos o alimentos. El mostrador debe confirmar admisión, documentos y restricciones antes de enviar.	صف المحتويات بما فيها البطاريات أو السوائل أو الأطعمة. يجب أن يؤكد الفرع إمكانية الشحن والأوراق المطلوبة وقيود الوجهة قبل الإرسال.
Call your selected counter for today’s hours and last DHL collection. The last collection can be earlier than closing time.	Llame al mostrador para consultar el horario y última recogida DHL. Puede ser antes del cierre.	اتصل بفرعك لتأكيد ساعات العمل اليوم وآخر موعد لتسليم الشحنات إلى DHL، فقد يكون قبل إغلاق الفرع.
Quick answers, service requests, and counter support.	Respuestas rápidas, solicitudes y ayuda del mostrador.	إجابات سريعة وطلبات خدمات ومساعدة الفرع.
Hi. What can we help you with? Choose a question or request a service.	Hola. ¿En qué podemos ayudarle? Elija una pregunta o solicite un servicio.	مرحبًا. كيف يمكننا مساعدتك؟ اختر سؤالًا أو اطلب خدمة.
Ship more? Start before you arrive.	¿Envía más? Empiece antes de llegar.	هل تشحن بانتظام؟ جهّز طلباتك قبل زيارة الفرع.
Send your shipping details before you visit and let Cubic confirm the next step.	Envíe los detalles antes de visitar y deje que Cubic confirme el siguiente paso.	أرسل تفاصيل شحنتك قبل الزيارة ودع Cubic تؤكد الخطوة التالية.
Add where you sell and what you ship.	Indique dónde vende y qué envía.	أخبرنا أين تبيع وما المنتجات التي تشحنها.
Choose a 10, 20, or 30 shipments/month tier.	Elija 10, 20 o 30 envíos al mes.	اختر فئة 10 أو 20 أو 30 شحنة شهريًا.
Let Cubic review the best shipping path for your business.	Deje que Cubic revise la mejor opción de envío para su negocio.	دع Cubic تراجع أنسب خيارات الشحن لعملك.
Rates vary by volume, destination, shipment type, carrier, and service availability.	Las tarifas varían por volumen, destino, tipo de envío, transportista y disponibilidad.	تختلف الأسعار حسب الحجم والوجهة ونوع الشحنة والناقل وتوفر الخدمة.
Help / FAQ	Ayuda / Preguntas frecuentes	المساعدة / الأسئلة الشائعة
Cubic Ship Help	Ayuda de Cubic Ship	مساعدة Cubic Ship
Open Cubic Ship help	Abrir ayuda de Cubic Ship	افتح مساعدة Cubic Ship
Cubic Ship help chat	Chat de ayuda Cubic Ship	محادثة مساعدة Cubic Ship
Close help	Cerrar ayuda	إغلاق المساعدة
Call now	Llamar ahora	اتصل الآن
Track shipment	Rastrear envío	تتبع الشحنة
Request business help	Solicitar ayuda empresarial	اطلب المساعدة لأعمالك
I sell online	Vendo en línea	أبيع عبر الإنترنت
Request seller support	Solicitar apoyo para vendedores	اطلب دعم البائعين
Ask about my shipment	Consultar sobre mi envío	استفسر عن شحنتي
Find my counter	Buscar mi mostrador	ابحث عن فرعي
Phone or Email	Teléfono o correo	الهاتف أو البريد الإلكتروني
Passport services	Servicios de pasaporte	خدمات جواز السفر
Office / print / scan	Oficina / impresión / escaneo	مكتب / طباعة / مسح ضوئي
IL DMV services	Servicios DMV de Illinois	خدمات المركبات في إلينوي
Payments / money orders	Pagos / giros postales	المدفوعات / الحوالات المالية
Virtual notary support	Asistencia notarial virtual	المساعدة في التوثيق عن بُعد
Freight / container help	Ayuda de carga / contenedores	المساعدة في شحن البضائع / الحاويات
Other counter service	Otro servicio del mostrador	خدمة أخرى في الفرع
Send Service Request	Enviar solicitud de servicio	إرسال طلب الخدمة
Close online seller offer	Cerrar oferta para vendedores	إغلاق عرض البائعين عبر الإنترنت
Request Support	Solicitar ayuda	اطلب الدعم
Describe the package contents for label review.	Describa el contenido para revisar la etiqueta.	صف محتويات الطرد لمراجعة الملصق.
Inquire about labels, copies, scans, forms, mailers, boxes, paper size, quantity, material, finish, and counter print support before you arrive.	Consulte etiquetas, copias, escaneo, formularios, sobres, cajas, papel, cantidad, material y acabado antes de llegar.	استفسر عن الملصقات والنسخ والمسح الضوئي والنماذج والمغلفات والصناديق ومقاس الورق والكمية والخامة والتشطيب ومساعدة الطباعة قبل وصولك.
Tell staff what you need: labels, document printing, copies, scans, mailers, boxes, customs forms, size, quantity, material, finish, and pickup timing.	Indique lo que necesita: etiquetas, documentos, copias, escaneo, sobres, cajas, formularios aduaneros, tamaño, cantidad, material, acabado y horario de recogida.	أخبر الموظف بما تحتاجه: ملصقات أو طباعة مستندات أو نسخ أو مسح ضوئي أو مغلفات أو صناديق أو نماذج جمركية، والمقاس والكمية والخامة والتشطيب وموعد الاستلام.
Print, Pack & Paperwork inquiries should include item, shape, size, quantity, material or quality, and whether you already have a file or need counter help.	Las consultas de impresión, embalaje y documentos deben incluir artículo, forma, tamaño, cantidad, material o calidad, y si tiene archivo o necesita ayuda.	يجب أن تشمل استفسارات الطباعة والتغليف وتجهيز المستندات الغرض والشكل والمقاس والكمية والخامة أو الجودة وما إذا كان لديك ملف أو تحتاج إلى مساعدة الفرع.
Request stickers, business cards, banners, signage, decals, labels, event displays, or paid graphic design help through a proof-and-quote workflow.	Solicite pegatinas, tarjetas, pancartas, rótulos, vinilos, etiquetas, exhibiciones o diseño gráfico de pago mediante prueba y cotización.	اطلب ملصقات أو بطاقات أعمال أو لافتات أو لوحات عرض للفعاليات أو مساعدة تصميم مدفوعة من خلال مراجعة نموذج وعرض سعر.
Tell staff what you need: stickers, cards, banner, signage, decal, event display, label, or promo material. Include wording, size, quantity, material, deadline, and where it will be used.	Indique qué necesita: pegatinas, tarjetas, pancartas, rótulos o material promocional. Incluya texto, tamaño, cantidad, material, plazo y uso.	أخبر الموظف بما تحتاجه من ملصقات أو بطاقات أو لافتات أو مواد ترويجية. أضف النص والمقاس والكمية والخامة والموعد النهائي ومكان الاستخدام.
Business Print & Display requests use Cubic intake, proofing, pickup, and shipping support. Pricing may include service handling because Cubic is managing the workflow.	Las solicitudes de impresión empresarial usan la recepción, revisión, recogida y envío de Cubic. El precio puede incluir gestión del servicio.	تستخدم طلبات المطبوعات واللافتات التجارية خدمات استقبال الطلبات والمراجعة والاستلام والشحن من Cubic. قد يشمل السعر رسوم إدارة الخدمة لأن Cubic تتولى الإجراءات.
Start a mailbox request, renewal, pickup question, or business mail service order.	Inicie una solicitud de buzón, renovación, consulta de recogida o correo empresarial.	ابدأ طلب صندوق بريد أو تجديد أو استفسار عن الاستلام أو خدمة بريد للأعمال.
Tell staff if this is a new mailbox, renewal, mail pickup, package hold, or business mail question.	Indique si es un buzón nuevo, renovación, recogida de correo, retención de paquetes o consulta empresarial.	أخبر الموظف إن كان الطلب لصندوق بريد جديد أو تجديد أو استلام بريد أو الاحتفاظ بطرد أو استفسار عن بريد الأعمال.
Start a virtual notary request so staff can review document type, appointment needs, and identity-readiness.	Inicie una solicitud de notaría virtual para revisar documento, cita e identificación.	ابدأ طلب توثيق عن بُعد ليراجع الموظف نوع المستند واحتياجات الموعد وجاهزية إثبات الهوية.
Describe the document, signer count, appointment timing, and any remote notary requirements.	Describa el documento, número de firmantes, horario y requisitos de notaría remota.	صف المستند وعدد الموقّعين وموعد الجلسة ومتطلبات التوثيق عن بُعد.
Request help with passport, DMV, payments, document prep, luggage storage, or other counter services.	Solicite ayuda con pasaportes, DMV, pagos, documentos, equipaje u otros servicios.	اطلب المساعدة في الجوازات أو معاملات المركبات أو المدفوعات أو تجهيز الأوراق أو حفظ الأمتعة أو خدمات الفرع الأخرى.
Tell staff what service you need, deadlines, documents, and any special instructions.	Indique servicio, plazos, documentos e instrucciones especiales.	أخبر الموظف بالخدمة المطلوبة والمواعيد النهائية والمستندات وأي تعليمات خاصة.
Start a freight, cargo, air, ocean, ground, or container request for staff review.	Inicie una solicitud de carga aérea, marítima, terrestre o de contenedores para revisión.	ابدأ طلب شحن ثقيل أو بضائع أو شحن جوي أو بحري أو بري أو حاويات لمراجعة الموظف.
Describe the freight, pallets, cartons, dimensions, weight, pickup/drop-off needs, and timeline.	Describa carga, palés, cajas, dimensiones, peso, recogida/entrega y plazos.	صف البضائع والمنصات والصناديق والأبعاد والوزن واحتياجات الاستلام أو التسليم والجدول الزمني.
Recipient Name	Nombre del destinatario	اسم المستلم
Postal Code	Código postal	الرمز البريدي
Pieces	Piezas	القطع
Weight	Peso	الوزن
Dimensions	Dimensiones	الأبعاد
Declared Value	Valor declarado	القيمة المصرح بها
Shipment Notes	Notas del envío	ملاحظات الشحنة
Contact Name	Nombre del contacto	اسم جهة التواصل
Service Location	Ubicación del servicio	موقع الخدمة
Pickup Time	Horario de recogida	وقت الاستلام
Order Reference	Referencia de solicitud	مرجع الطلب
Size / Material	Tamaño / material	المقاس / الخامة
Shape / Finish	Forma / acabado	الشكل / التشطيب
Budget	Presupuesto	الميزانية
Print Inquiry Details	Detalles de impresión	تفاصيل استفسار الطباعة
Artwork / Pickup Notes	Notas de diseño / recogida	ملاحظات التصميم / الاستلام
Business / Contact Name	Empresa / contacto	اسم الشركة / جهة التواصل
Use Case / Service Area	Uso / área de servicio	الاستخدام / منطقة الخدمة
Deadline / Event Date	Plazo / fecha del evento	الموعد النهائي / تاريخ الفعالية
Reference / QR Link	Referencia / enlace QR	المرجع / رابط QR
Finish / Display Type	Acabado / tipo de exhibición	التشطيب / نوع العرض
Print & Display Details	Detalles de impresión y exhibición	تفاصيل المطبوعات واللافتات
Artwork / Design Notes	Notas de diseño	ملاحظات التصميم
Account / Contact Name	Cuenta / contacto	اسم الحساب / جهة التواصل
Mailbox Location	Ubicación del buzón	موقع صندوق البريد
Mailbox Type	Tipo de buzón	نوع صندوق البريد
Mailbox Number	Número de buzón	رقم صندوق البريد
Mail Items	Artículos de correo	المواد البريدية
Plan / Term	Plan / plazo	الخطة / المدة
ID / Document Notes	Notas de identificación / documentos	ملاحظات الهوية / المستندات
Mailbox Request	Solicitud de buzón	طلب صندوق بريد
Mailbox Notes	Notas del buzón	ملاحظات صندوق البريد
Signer / Contact Name	Firmante / contacto	اسم الموقّع / جهة التواصل
State / Jurisdiction	Estado / jurisdicción	الولاية / الاختصاص القضائي
Document Reference	Referencia del documento	مرجع المستند
Signers / Documents	Firmantes / documentos	الموقّعون / المستندات
Witness / ID Notes	Notas de testigos / identificación	ملاحظات الشهود / الهوية
Notary Request	Solicitud notarial	طلب توثيق
Identity / Appointment Notes	Notas de identidad / cita	ملاحظات الهوية / الموعد
Service Category	Categoría de servicio	فئة الخدمة
Preferred Time	Horario preferido	الوقت المفضل
Reference	Referencia	المرجع
Items / Tasks	Artículos / tareas	الأغراض / المهام
Service Detail	Detalle del servicio	تفصيل الخدمة
Documents Needed	Documentos necesarios	المستندات المطلوبة
Business Service Request	Solicitud de servicio empresarial	طلب خدمة أعمال
Counter Notes	Notas del mostrador	ملاحظات الفرع
Consignee / Contact	Consignatario / contacto	المرسل إليه / جهة التواصل
Pieces / Pallets	Piezas / palés	القطع / المنصات
Cargo Details	Detalles de carga	تفاصيل البضائع
Freight Notes	Notas de carga	ملاحظات شحن البضائع
Your business	Su empresa	شركتك
your shipment tier	su nivel de envíos	فئة الشحن الشهرية
Location:	Ubicación:	الفرع:
Contact:	Contacto:	التواصل:
Estimate:	Estimación:	السعر التقديري:
Pending	Pendiente	قيد الانتظار
Payment:	Pago:	الدفع:
Carrier tracking:	Rastreo del transportista:	تتبع شركة الشحن:
Virtual notary:	Notaría virtual:	التوثيق عن بُعد:
Design path:	Opción de diseño:	خيار التصميم:
Print specs:	Especificaciones:	مواصفات الطباعة:
Specs pending	Especificaciones pendientes	المواصفات قيد الانتظار
Label PDF:	Etiqueta PDF:	ملف PDF للملصق:
Uploaded label	Etiqueta subida	ملصق مرفوع
Download Label	Descargar etiqueta	تنزيل الملصق
Download	Descargar	تنزيل
Uploaded	Subido	تم الرفع
Label PDF	Etiqueta PDF	ملف PDF للملصق
needs attention	requiere atención	يحتاج إلى متابعة
in review	en revisión	قيد المراجعة
payment due	pago pendiente	الدفع مستحق
ready for drop-off	listo para entregar	جاهز للتسليم في الفرع
dropped off	entregado en mostrador	تم التسليم في الفرع
needs review	requiere revisión	يحتاج إلى مراجعة
pending staff review	pendiente de revisión	بانتظار مراجعة الموظف
completed	completado	مكتمل
paid	pagado	مدفوع
recently	recientemente	مؤخرًا
Status	Estado	الحالة
Cubic Ship will calculate the estimated price once rates are connected.	Cubic Ship calculará el precio estimado al conectar las tarifas.	ستحسب Cubic Ship السعر التقديري بعد ربط الأسعار.
Cubic Ship will calculate the estimated price once the area, carrier, weight, dimensions, and current rate table are confirmed.	Cubic Ship calculará el precio estimado tras confirmar zona, transportista, peso, dimensiones y tarifas actuales.	ستحسب Cubic Ship السعر التقديري بعد تأكيد المنطقة والناقل والوزن والأبعاد وجدول الأسعار الحالي.
Cubic Ship will review the product, shape, size, quantity, material, quality, artwork, and design needs before confirming availability and quote.	Cubic Ship revisará producto, forma, tamaño, cantidad, material, calidad y diseño antes de confirmar disponibilidad y precio.	ستراجع Cubic Ship المنتج والشكل والمقاس والكمية والخامة والجودة والتصميم قبل تأكيد التوفر وعرض السعر.
Cubic Ship staff will review the request details and confirm the next step, timing, and price if needed.	El personal revisará la solicitud y confirmará siguiente paso, plazo y precio si corresponde.	سيراجع موظفو Cubic Ship تفاصيل الطلب ويؤكدون الخطوة التالية والتوقيت والسعر عند الحاجة.
For example: signed documents, two cotton shirts, or a ceramic gift	Por ejemplo: documentos firmados, dos camisetas de algodón o un regalo de cerámica	مثال: مستندات موقعة أو قميصان قطنيان أو هدية خزفية
Arrival deadline, different package sizes, questions, or pickup address if different	Fecha límite de llegada, tamaños de paquetes, preguntas o dirección de recogida si es distinta	موعد الوصول المطلوب، أو أبعاد الطرود، أو أسئلتك، أو عنوان استلام الشحنة إن كان مختلفًا
Describe the logo, wording, QR code, brand colors, layout, or paid design help needed.	Describa el logotipo, texto, código QR, colores, composición o diseño de pago que necesita.	صف الشعار أو النص أو رمز QR أو ألوان العلامة التجارية أو التنسيق أو مساعدة التصميم المدفوعة المطلوبة.
Describe the shipment, print job, mailbox request, notary request, or business service needed.	Describa el envío, impresión, buzón, notaría o servicio empresarial que necesita.	صف الشحنة أو مهمة الطباعة أو طلب صندوق البريد أو التوثيق أو خدمة الأعمال المطلوبة.
Anything the counter team should know.	Cualquier información que el personal deba saber.	أي معلومات ينبغي لفريق الفرع معرفتها.
Please complete this field.	Complete este campo.	يرجى إكمال هذا الحقل.
Please choose an option.	Elija una opción.	يرجى اختيار أحد الخيارات.
Please check this box to continue.	Marque esta casilla para continuar.	يرجى تحديد هذا المربع للمتابعة.
Please enter a valid value.	Introduzca un valor válido.	يرجى التحقق من البيانات المدخلة.
Please enter a valid number within the allowed range.	Introduzca un número válido dentro del intervalo permitido.	يرجى إدخال رقم صالح ضمن النطاق المسموح.
· Items:	· Artículos:	· الأغراض:
uploaded	subido	تم الرفع
DHL Express Shipping & Business Services | CubicShip	Envíos DHL Express y servicios empresariales | CubicShip	الشحن الدولي وخدمات الأعمال | CubicShip
Store hours from the MEA Pack&Ship Google listing at this address. Confirm DHL service hours directly.	Horarios publicados en Google para MEA Pack&Ship en esta dirección. Confirme directamente los horarios del servicio DHL.	ساعات العمل مأخوذة من صفحة MEA Pack&Ship على خرائط Google لهذا العنوان. اتصل بالفرع لتأكيد ساعات خدمة DHL.
Length	Largo	الطول
Width	Ancho	العرض
Height	Alto	الارتفاع
lb	lb	رطل
kg	kg	كغ
in	pulg	بوصة
cm	cm	سم
Pieces: {count}	Piezas: {count}	عدد القطع: {count}
Get real counter help with DHL Express shipping, packing, documents, freight, printing, and practical business services at CubicShip locations.	Ayuda en mostrador para envíos DHL Express, embalaje, documentos, carga, impresión y servicios empresariales en CubicShip.	خدمات شحن DHL Express والتغليف وتجهيز المستندات وشحن البضائع والطباعة، بمساعدة فريق فروع CubicShip.
Real DHL Express Service Point counter help for shipping, packing, documents, freight, printing, and business services.	Ayuda en puntos DHL Express para envíos, embalaje, documentos, carga, impresión y servicios empresariales.	فريق نقاط خدمة DHL Express يساعدك في الشحن والتغليف والمستندات وشحن البضائع والطباعة وخدمات الأعمال.
CubicShip brings DHL Express shipping, packing and business services to local communities.	CubicShip ofrece envíos DHL Express, embalaje y servicios empresariales en su comunidad.	خدمات شحن DHL Express والتغليف وخدمات الأعمال، بالقرب منك مع CubicShip.
Request a DHL Express quote or prepare a counter drop-off. Choose your CubicShip location and send your shipment details without creating an account.	Solicite una cotización DHL Express o prepare una entrega en mostrador. Elija su sucursal y envíe los datos sin crear una cuenta.	اطلب عرض سعر لشحن DHL Express أو جهّز شحنتك لزيارة الفرع. اختر فرع CubicShip وأرسل البيانات دون إنشاء حساب.
Track DHL Express, parcel, air freight, and container shipments from Cubic Ship's tracking page.	Rastree envíos DHL Express, paquetes, carga aérea y contenedores desde Cubic Ship.	تابع شحنات DHL Express والطرود والشحن الجوي والحاويات من صفحة التتبع لدى Cubic Ship.
Open the right tracking tool for DHL Express, parcels, air waybills, and container references.	Abra la herramienta de rastreo adecuada para DHL Express, paquetes, guías aéreas y contenedores.	اختر أداة التتبع المناسبة لشحنات DHL Express والطرود وبوالص الشحن الجوي والحاويات.
Track DHL Express, parcels, air freight, and container shipments from one Cubic Ship page.	Rastree DHL Express, paquetes, carga aérea y contenedores desde una sola página de Cubic Ship.	تابع شحنات DHL Express والطرود والشحن الجوي والحاويات من مكان واحد لدى Cubic Ship.
Cubic Ship business dashboard for service orders, secure order codes, label PDFs, business print and display requests, status updates, and customer profile security.	Panel Cubic Ship para solicitudes, códigos seguros, etiquetas PDF, impresión empresarial, estados y datos de cuenta.	حساب Cubic Ship لإدارة طلبات الخدمة ورموز الطلبات وملصقات الشحن والمطبوعات التجارية ومتابعة الحالة وبيانات الحساب.
Cubic Ship counter QR intake form for walk-in sender and receiver details.	Formulario QR de Cubic Ship para los datos del remitente y destinatario en mostrador.	نموذج Cubic Ship لإدخال بيانات المرسل والمستلم عند زيارة الفرع.
DHL shipping, printing, packing and practical counter support.	Envíos DHL, impresión, embalaje y ayuda en mostrador.	خدمات شحن DHL والطباعة والتغليف بمساعدة فريق الفرع.
Shipping and print support for your business.	Ayuda con envíos e impresión para su empresa.	خدمات شحن وطباعة تلبي احتياجات عملك.
Get help with printing, documents and preparing a parcel.	Obtenga ayuda con impresión, documentos y preparación de paquetes.	مساعدة في الطباعة وتجهيز المستندات وتغليف الطرود.
Request a quote for business cards, stickers, banners and signage.	Solicite una cotización para tarjetas, pegatinas, pancartas y letreros.	اطلب عرض سعر لبطاقات الأعمال والملصقات واللافتات التجارية.
Find a DHL Express shipping counter by city, state or ZIP.	Busque un mostrador DHL Express por ciudad, estado o código postal.	ابحث عن فرع لشحن DHL Express بالمدينة أو الولاية أو الرمز البريدي.
Choose DHL shipping, print or freight quote support.	Elija una cotización para envíos DHL, impresión o carga.	اختر طلب عرض سعر لشحن DHL أو الطباعة أو شحن البضائع.
Find shipping, locations or support.	Encuentre envíos, sucursales o ayuda.	انتقل إلى خدمات الشحن أو الفروع أو المساعدة.
How information provided through CubicShip requests is used.	Cómo se usan los datos de las solicitudes CubicShip.	تعرّف على كيفية استخدام البيانات التي تقدمها في طلبات CubicShip.
What to confirm before booking shipping or print services.	Qué confirmar antes de contratar envíos o impresión.	ما ينبغي تأكيده قبل طلب خدمات الشحن أو الطباعة.
Send a print or counter-service inquiry without an account.	Envíe una consulta de impresión o servicios sin crear una cuenta.	استفسر عن الطباعة أو خدمات الفرع دون إنشاء حساب.
View your request using the private link from your confirmation.	Consulte su solicitud con el enlace privado de la confirmación.	تابع طلبك عبر الرابط الخاص المرفق في رسالة التأكيد.
Reset a password or request a new confirmation email.	Restablezca su contraseña o solicite otro correo de confirmación.	أعد تعيين كلمة المرور أو اطلب رسالة تأكيد جديدة.
Verify your account link or request a new one.	Verifique el enlace de su cuenta o solicite uno nuevo.	تحقق من رابط حسابك أو اطلب رابطًا جديدًا.
Call {phone}	Llamar {phone}	اتصل بـ {phone}
Find your nearest counter.	Encuentra tu mostrador más cercano.	اعثر على أقرب فرع إليك.
Find the closest CubicShip counter, then get directions or call before you visit.	Encuentra el mostrador CubicShip más cercano y consulta cómo llegar o llama antes de ir.	اعثر على أقرب فرع لـ CubicShip، واحصل على الاتجاهات أو اتصل قبل زيارتك.
Find your nearest CubicShip counter using your location or ZIP code, or browse by city and state.	Encuentra tu mostrador CubicShip más cercano con tu ubicación o código postal, o busca por ciudad y estado.	اعثر على أقرب فرع لـ CubicShip باستخدام موقعك أو الرمز البريدي، أو ابحث حسب المدينة والولاية.
ZIP code, city or state	Código postal, ciudad o estado	الرمز البريدي أو المدينة أو الولاية
For example: 60453 or Oak Lawn	Por ejemplo: 60453 u Oak Lawn	مثال: 60453 أو Oak Lawn
ZIP codes find nearby counters. City and state searches filter the list.	El código postal muestra los mostradores cercanos. La ciudad o el estado filtran la lista.	أدخل الرمز البريدي لعرض الفروع القريبة، أو اسم المدينة أو الولاية لتصفية القائمة.
Use my location	Usar mi ubicación	استخدم موقعي الحالي
Show all	Mostrar todos	عرض جميع الفروع
Your location stays in your browser.	Tu ubicación permanece en tu navegador.	يُستخدم موقعك داخل المتصفح فقط.
Browse all counters below. Enable JavaScript to search by ZIP code or use your location.	Consulta todos los mostradores a continuación. Activa JavaScript para buscar por código postal o usar tu ubicación.	تصفّح جميع الفروع أدناه. فعّل JavaScript للبحث بالرمز البريدي أو باستخدام موقعك.
No matching branch. Try another city or state, use your location, or choose Show all.	No hay mostradores que coincidan. Prueba otra ciudad o estado, usa tu ubicación o selecciona Mostrar todos.	لم نعثر على فرع مطابق. جرّب مدينة أو ولاية أخرى، أو استخدم موقعك، أو اختر «عرض جميع الفروع».
Nearest counters	Mostradores más cercanos	الفروع الأقرب إليك
Approximate straight-line distances. Call to confirm hours and last DHL collection.	Las distancias son aproximadas y en línea recta. Llama para confirmar el horario y la última recogida de DHL.	المسافات تقريبية وتُقاس بخط مستقيم. اتصل للتأكد من ساعات العمل وموعد آخر استلام لشحنات DHL.
Other locations	Otros mostradores	فروع أخرى
Directions	Cómo llegar	الاتجاهات
Finding a counter	Buscar un mostrador	البحث عن فرع
If you choose Use my location, your browser asks for permission. Your coordinates are used only in your browser to sort counters; CubicShip does not store them or send them to its servers or analytics. ZIP-code distance searches also run in your browser. Directions links open Google Maps with the counter’s address; Google’s own privacy terms apply there.	Si eliges Usar mi ubicación, tu navegador solicitará permiso. Tus coordenadas se utilizan solo en tu navegador para ordenar los mostradores; CubicShip no las almacena ni las envía a sus servidores o servicios de análisis. Las búsquedas de distancia por código postal también se realizan en tu navegador. Los enlaces de indicaciones abren Google Maps con la dirección del mostrador; allí se aplican los términos de privacidad de Google.	عند اختيار «استخدم موقعي الحالي»، يطلب المتصفح إذنك. تُستخدم إحداثيات موقعك داخل المتصفح فقط لترتيب الفروع حسب قربها منك؛ ولا تحفظها CubicShip أو ترسلها إلى خوادمها أو خدمات التحليلات. ويُحسب بُعد الفروع عن الرمز البريدي داخل المتصفح أيضًا. تفتح روابط الاتجاهات خرائط Google على عنوان الفرع، وتسري عليها شروط خصوصية Google.
less than 0.1 mi	menos de 0.1 mi	أقل من 0.1 ميل
about {miles} mi	aprox. {miles} mi	نحو {miles} ميل
{count} locations matching your search.	{count} mostradores coinciden con tu búsqueda.	عدد الفروع المطابقة لبحثك: {count}.
{count} locations available to browse.	{count} mostradores disponibles para consultar.	عدد الفروع المتاحة للتصفح: {count}.
{distance} · straight line from ZIP {zip}’s approximate center	{distance} · en línea recta desde el centro aproximado del código postal {zip}	{distance} · بخط مستقيم من المركز التقريبي لمنطقة الرمز البريدي {zip}
{distance} · straight line from your location	{distance} · en línea recta desde tu ubicación	{distance} · بخط مستقيم من موقعك
{count} counters sorted by distance.	{count} mostradores ordenados por distancia.	عدد الفروع المرتبة حسب المسافة: {count}.
The closest listed counter is {distance} away.	El mostrador más cercano de la lista está a {distance}.	يبعد أقرب فرع في القائمة عنك {distance}.
Closest counters from ZIP {zip}’s approximate center.	Mostradores más cercanos al centro aproximado del código postal {zip}.	الفروع الأقرب إلى المركز التقريبي لمنطقة الرمز البريدي {zip}.
Closest counters from your location.	Mostradores más cercanos a tu ubicación.	الفروع الأقرب إلى موقعك الحالي.
Finding counters near ZIP {zip}…	Buscando mostradores cerca del código postal {zip}…	جارٍ البحث عن فروع قريبة من الرمز البريدي {zip}…
Distance results are unavailable. Browse the locations below.	Las distancias no están disponibles. Consulta los mostradores a continuación.	تعذّر حساب المسافات. يمكنك تصفّح الفروع أدناه.
We could not locate that ZIP area. Showing any matching addresses. Try your city or state, or Use my location.	No encontramos la zona de ese código postal. Se muestran las direcciones que coincidan. Prueba con tu ciudad o estado, o selecciona Usar mi ubicación.	لم نتمكن من تحديد منطقة هذا الرمز البريدي. نعرض أي عناوين مطابقة؛ جرّب اسم المدينة أو الولاية، أو اختر «استخدم موقعي الحالي».
ZIP distances could not load. Showing any matching addresses. Try your city or state, or Use my location.	No se pudieron cargar las distancias por código postal. Se muestran las direcciones que coincidan. Prueba con tu ciudad o estado, o selecciona Usar mi ubicación.	تعذّر تحميل بيانات المسافات للرمز البريدي. نعرض أي عناوين مطابقة؛ جرّب اسم المدينة أو الولاية، أو اختر «استخدم موقعي الحالي».
Location is not available in this browser. Enter a ZIP code, city or state instead.	La ubicación no está disponible en este navegador. Introduce un código postal, ciudad o estado.	لا يدعم هذا المتصفح تحديد الموقع. أدخل الرمز البريدي أو اسم المدينة أو الولاية.
Finding your location…	Obteniendo tu ubicación…	جارٍ تحديد موقعك…
Your browser may ask to use your location. You can also search by ZIP code, city or state.	Tu navegador puede pedir permiso para usar tu ubicación. También puedes buscar por código postal, ciudad o estado.	قد يطلب المتصفح إذنك لاستخدام موقعك. يمكنك أيضًا البحث بالرمز البريدي أو المدينة أو الولاية.
Location access was not allowed. Enter a ZIP code, city or state instead.	No se permitió acceder a tu ubicación. Introduce un código postal, ciudad o estado.	لم يُسمح بالوصول إلى موقعك. أدخل الرمز البريدي أو اسم المدينة أو الولاية.
We could not get your location. Enter a ZIP code, city or state, or try again.	No pudimos obtener tu ubicación. Introduce un código postal, ciudad o estado, o inténtalo de nuevo.	تعذّر تحديد موقعك. أدخل الرمز البريدي أو اسم المدينة أو الولاية، أو أعد المحاولة.
Your device’s location is approximate; a ZIP code may give more useful results.	La ubicación de tu dispositivo es aproximada; un código postal puede ofrecer resultados más útiles.	الموقع الذي يحدده جهازك تقريبي؛ قد يمنحك البحث بالرمز البريدي نتائج أنسب.
